State Name,District Name,Market Name,Variety,Group
Maharashtra,Ahmednagar,Ahmednagar,Other,Vegetables
Maharashtra,Ahmednagar,Ahmednagar,Red,Vegetables
Maharashtra,Ahmednagar,Ahmednagar,Red,Vegetables
Maharashtra,Ahmednagar,Ahmednagar,Red,Vegetables
Maharashtra,Ahmednagar,Ahmednagar,Red,Vegetables
Maharashtra,Ahmednagar,Ahmednagar,Red,Vegetables
Maharashtra,Ahmednagar,Ahmednagar,Red,Vegetables
Maharashtra,Ahmednagar,Ahmednagar,Red,Vegetables
Maharashtra,Ahmednagar,Ahmednagar,Red,Vegetables
Maharashtra,Ahmednagar,Ahmednagar,Red,Vegetables
Maharashtra,Ahmednagar,Ahmednagar,Red,Vegetables
Maharashtra,Ahmednagar,Ahmednagar,Red,Vegetables
Maharashtra,Ahmednagar,Ahmednagar,Red,Vegetables
Maharashtra,Ahmednagar,Akole,Other,Vegetables
Maharashtra,Ahmednagar,Akole,Other,Vegetables
Maharashtra,Ahmednagar,Akole,Other,Vegetables
Maharashtra,Ahmednagar,Akole,Other,Vegetables
Maharashtra,Ahmednagar,Akole,Other,Vegetables
Maharashtra,Ahmednagar,Akole,Other,Vegetables
Maharashtra,Ahmednagar,Akole,Other,Vegetables
Maharashtra,Ahmednagar,Akole,Other,Vegetables
Maharashtra,Ahmednagar,Akole,Other,Vegetables
Maharashtra,Ahmednagar,Akole,Other,Vegetables
Maharashtra,Ahmednagar,Akole,Other,Vegetables
Maharashtra,Ahmednagar,Akole,Other,Vegetables
Maharashtra,Ahmednagar,Akole,Other,Vegetables
Maharashtra,Ahmednagar,Akole,Other,Vegetables
Maharashtra,Ahmednagar,Akole,Other,Vegetables
Maharashtra,Ahmednagar,Akole,Other,Vegetables
Maharashtra,Ahmednagar,Akole,Other,Vegetables
Maharashtra,Ahmednagar,Akole,Other,Vegetables
Maharashtra,Ahmednagar,Akole,Other,Vegetables
Maharashtra,Ahmednagar,Akole,Other,Vegetables
Maharashtra,Ahmednagar,Jamkhed,Local,Vegetables
Maharashtra,Ahmednagar,Jamkhed,Local,Vegetables
Maharashtra,Ahmednagar,Jamkhed,Local,Vegetables
Maharashtra,Ahmednagar,Jamkhed,Local,Vegetables
Maharashtra,Ahmednagar,Jamkhed,Local,Vegetables
Maharashtra,Ahmednagar,Jamkhed,Local,Vegetables
Maharashtra,Ahmednagar,Jamkhed,Local,Vegetables
Maharashtra,Ahmednagar,Jamkhed,Local,Vegetables
Maharashtra,Ahmednagar,Jamkhed,Local,Vegetables
Maharashtra,Ahmednagar,Jamkhed,Local,Vegetables
Maharashtra,Ahmednagar,Jamkhed,Local,Vegetables
Maharashtra,Ahmednagar,Kopargaon,Other,Vegetables
Maharashtra,Ahmednagar,Kopargaon,Other,Vegetables
Maharashtra,Ahmednagar,Kopargaon,Other,Vegetables
Maharashtra,Ahmednagar,Kopargaon,Red,Vegetables
Maharashtra,Ahmednagar,Kopargaon,Red,Vegetables
Maharashtra,Ahmednagar,Kopargaon,Red,Vegetables
Maharashtra,Ahmednagar,Kopargaon,Red,Vegetables
Maharashtra,Ahmednagar,Kopargaon,Red,Vegetables
Maharashtra,Ahmednagar,Kopargaon,Red,Vegetables
Maharashtra,Ahmednagar,Kopargaon,Red,Vegetables
Maharashtra,Ahmednagar,Kopargaon,Red,Vegetables
Maharashtra,Ahmednagar,Kopargaon,Red,Vegetables
Maharashtra,Ahmednagar,Kopargaon,Red,Vegetables
Maharashtra,Ahmednagar,Kopargaon,Red,Vegetables
Maharashtra,Ahmednagar,Kopargaon,Red,Vegetables
Maharashtra,Ahmednagar,Kopargaon,Red,Vegetables
Maharashtra,Ahmednagar,Kopargaon,Red,Vegetables
Maharashtra,Ahmednagar,Kopargaon,Red,Vegetables
Maharashtra,Ahmednagar,Kopargaon,Red,Vegetables
Maharashtra,Ahmednagar,Kopargaon,Red,Vegetables
Maharashtra,Ahmednagar,Newasa(Ghodegaon),Other,Vegetables
Maharashtra,Ahmednagar,Newasa(Ghodegaon),Other,Vegetables
Maharashtra,Ahmednagar,Newasa(Ghodegaon),Red,Vegetables
Maharashtra,Ahmednagar,Newasa(Ghodegaon),Red,Vegetables
Maharashtra,Ahmednagar,Newasa(Ghodegaon),Red,Vegetables
Maharashtra,Ahmednagar,Newasa(Ghodegaon),Red,Vegetables
Maharashtra,Ahmednagar,Newasa(Ghodegaon),Red,Vegetables
Maharashtra,Ahmednagar,Newasa(Ghodegaon),Red,Vegetables
Maharashtra,Ahmednagar,Newasa(Ghodegaon),Red,Vegetables
Maharashtra,Ahmednagar,Newasa(Ghodegaon),Red,Vegetables
Maharashtra,Ahmednagar,Newasa(Ghodegaon),Red,Vegetables
Maharashtra,Ahmednagar,Newasa(Ghodegaon),Red,Vegetables
Maharashtra,Ahmednagar,Parner,Other,Vegetables
Maharashtra,Ahmednagar,Parner,Other,Vegetables
Maharashtra,Ahmednagar,Parner,Red,Vegetables
Maharashtra,Ahmednagar,Parner,Red,Vegetables
Maharashtra,Ahmednagar,Parner,Red,Vegetables
Maharashtra,Ahmednagar,Parner,Red,Vegetables
Maharashtra,Ahmednagar,Parner,Red,Vegetables
Maharashtra,Ahmednagar,Parner,Red,Vegetables
Maharashtra,Ahmednagar,Parner,Red,Vegetables
Maharashtra,Ahmednagar,Parner,Red,Vegetables
Maharashtra,Ahmednagar,Parner,Red,Vegetables
Maharashtra,Ahmednagar,Pathardi,Red,Vegetables
Maharashtra,Ahmednagar,Pathardi,Red,Vegetables
Maharashtra,Ahmednagar,Pathardi,Red,Vegetables
Maharashtra,Ahmednagar,Pathardi,Red,Vegetables
Maharashtra,Ahmednagar,Pathardi,Red,Vegetables
Maharashtra,Ahmednagar,Pathardi,Red,Vegetables
Maharashtra,Ahmednagar,Pathardi,Red,Vegetables
Maharashtra,Ahmednagar,Pathardi,Red,Vegetables
Maharashtra,Ahmednagar,Pathardi,Red,Vegetables
Maharashtra,Ahmednagar,Pathardi,Red,Vegetables
Maharashtra,Ahmednagar,Pathardi,Red,Vegetables
Maharashtra,Ahmednagar,Rahata,Other,Vegetables
Maharashtra,Ahmednagar,Rahata,Other,Vegetables
Maharashtra,Ahmednagar,Rahata,Other,Vegetables
Maharashtra,Ahmednagar,Rahata,Other,Vegetables
Maharashtra,Ahmednagar,Rahata,Other,Vegetables
Maharashtra,Ahmednagar,Rahata,Other,Vegetables
Maharashtra,Ahmednagar,Rahata,Other,Vegetables
Maharashtra,Ahmednagar,Rahata,Other,Vegetables
Maharashtra,Ahmednagar,Rahata,Other,Vegetables
Maharashtra,Ahmednagar,Rahata,Other,Vegetables
Maharashtra,Ahmednagar,Rahata,Other,Vegetables
Maharashtra,Ahmednagar,Rahata,Other,Vegetables
Maharashtra,Ahmednagar,Rahata,Red,Vegetables
Maharashtra,Ahmednagar,Rahata,Red,Vegetables
Maharashtra,Ahmednagar,Rahata,Red,Vegetables
Maharashtra,Ahmednagar,Rahata,Red,Vegetables
Maharashtra,Ahmednagar,Rahata,Red,Vegetables
Maharashtra,Ahmednagar,Rahata,Red,Vegetables
Maharashtra,Ahmednagar,Rahata,Red,Vegetables
Maharashtra,Ahmednagar,Rahata,Red,Vegetables
Maharashtra,Ahmednagar,Rahata,Red,Vegetables
Maharashtra,Ahmednagar,Rahata,Red,Vegetables
Maharashtra,Ahmednagar,Rahata,Red,Vegetables
Maharashtra,Ahmednagar,Rahata,Red,Vegetables
Maharashtra,Ahmednagar,Rahata,Red,Vegetables
Maharashtra,Ahmednagar,Rahata,Red,Vegetables
Maharashtra,Ahmednagar,Rahata,Red,Vegetables
Maharashtra,Ahmednagar,Rahuri,Red,Vegetables
Maharashtra,Ahmednagar,Rahuri,Red,Vegetables
Maharashtra,Ahmednagar,Rahuri,Red,Vegetables
Maharashtra,Ahmednagar,Rahuri,Red,Vegetables
Maharashtra,Ahmednagar,Rahuri,Red,Vegetables
Maharashtra,Ahmednagar,Rahuri,Red,Vegetables
Maharashtra,Ahmednagar,Rahuri,Red,Vegetables
Maharashtra,Ahmednagar,Rahuri,Red,Vegetables
Maharashtra,Ahmednagar,Rahuri,Red,Vegetables
Maharashtra,Ahmednagar,Rahuri,Red,Vegetables
Maharashtra,Ahmednagar,Rahuri,Red,Vegetables
Maharashtra,Ahmednagar,Rahuri,Red,Vegetables
Maharashtra,Ahmednagar,Rahuri,Red,Vegetables
Maharashtra,Ahmednagar,Rahuri,Red,Vegetables
Maharashtra,Ahmednagar,Rahuri,Red,Vegetables
Maharashtra,Ahmednagar,Rahuri,Red,Vegetables
Maharashtra,Ahmednagar,Rahuri,Red,Vegetables
Maharashtra,Ahmednagar,Rahuri,Red,Vegetables
Maharashtra,Ahmednagar,Rahuri(Vambori),Red,Vegetables
Maharashtra,Ahmednagar,Rahuri(Vambori),Red,Vegetables
Maharashtra,Ahmednagar,Rahuri(Vambori),Red,Vegetables
Maharashtra,Ahmednagar,Rahuri(Vambori),Red,Vegetables
Maharashtra,Ahmednagar,Rahuri(Vambori),Red,Vegetables
Maharashtra,Ahmednagar,Rahuri(Vambori),Red,Vegetables
Maharashtra,Ahmednagar,Rahuri(Vambori),Red,Vegetables
Maharashtra,Ahmednagar,Rahuri(Vambori),Red,Vegetables
Maharashtra,Ahmednagar,Rahuri(Vambori),Red,Vegetables
Maharashtra,Ahmednagar,Rahuri(Vambori),Red,Vegetables
Maharashtra,Ahmednagar,Rahuri(Vambori),Red,Vegetables
Maharashtra,Ahmednagar,Rahuri(Vambori),Red,Vegetables
Maharashtra,Ahmednagar,Rahuri(Vambori),Red,Vegetables
Maharashtra,Ahmednagar,Rahuri(Vambori),Red,Vegetables
Maharashtra,Ahmednagar,Rahuri(Vambori),Red,Vegetables
Maharashtra,Ahmednagar,Rahuri(Vambori),Red,Vegetables
Maharashtra,Ahmednagar,Rahuri(Vambori),Red,Vegetables
Maharashtra,Ahmednagar,Sangamner,Other,Vegetables
Maharashtra,Ahmednagar,Sangamner,Other,Vegetables
Maharashtra,Ahmednagar,Sangamner,Other,Vegetables
Maharashtra,Ahmednagar,Sangamner,Other,Vegetables
Maharashtra,Ahmednagar,Sangamner,Other,Vegetables
Maharashtra,Ahmednagar,Sangamner,Other,Vegetables
Maharashtra,Ahmednagar,Sangamner,Other,Vegetables
Maharashtra,Ahmednagar,Sangamner,Other,Vegetables
Maharashtra,Ahmednagar,Sangamner,Other,Vegetables
Maharashtra,Ahmednagar,Sangamner,Other,Vegetables
Maharashtra,Ahmednagar,Sangamner,Other,Vegetables
Maharashtra,Ahmednagar,Sangamner,Other,Vegetables
Maharashtra,Ahmednagar,Sangamner,Other,Vegetables
Maharashtra,Ahmednagar,Sangamner,Other,Vegetables
Maharashtra,Ahmednagar,Sangamner,Other,Vegetables
Maharashtra,Ahmednagar,Sangamner,Other,Vegetables
Maharashtra,Ahmednagar,Sangamner,Other,Vegetables
Maharashtra,Ahmednagar,Sangamner,Other,Vegetables
Maharashtra,Ahmednagar,Sangamner,Other,Vegetables
Maharashtra,Ahmednagar,Sangamner,Other,Vegetables
Maharashtra,Ahmednagar,Sangamner,Other,Vegetables
Maharashtra,Ahmednagar,Sangamner,Other,Vegetables
Maharashtra,Ahmednagar,Sangamner,Other,Vegetables
Maharashtra,Ahmednagar,Sangamner,Red,Vegetables
Maharashtra,Ahmednagar,Sangamner,Red,Vegetables
Maharashtra,Ahmednagar,Sangamner,Red,Vegetables
Maharashtra,Ahmednagar,Sangamner,Red,Vegetables
Maharashtra,Ahmednagar,Sangamner,Red,Vegetables
Maharashtra,Ahmednagar,Sangamner,Red,Vegetables
Maharashtra,Ahmednagar,Sangamner,Red,Vegetables
Maharashtra,Ahmednagar,Sangamner,Red,Vegetables
Maharashtra,Ahmednagar,Sangamner,Red,Vegetables
Maharashtra,Ahmednagar,Sangamner,Red,Vegetables
Maharashtra,Ahmednagar,Sangamner,Red,Vegetables
Maharashtra,Ahmednagar,Sangamner,Red,Vegetables
Maharashtra,Ahmednagar,Shevgaon,1st Sort,Vegetables
Maharashtra,Ahmednagar,Shevgaon,2nd Sort,Vegetables
Maharashtra,Ahmednagar,Shevgaon,Other,Vegetables
Maharashtra,Ahmednagar,Shrigonda,Other,Vegetables
Maharashtra,Ahmednagar,Shrigonda,Other,Vegetables
Maharashtra,Ahmednagar,Shrigonda,Other,Vegetables
Maharashtra,Ahmednagar,Shrigonda,Other,Vegetables
Maharashtra,Ahmednagar,Shrigonda,Other,Vegetables
Maharashtra,Ahmednagar,Shrirampur,Other,Vegetables
Maharashtra,Ahmednagar,Shrirampur,Other,Vegetables
Maharashtra,Ahmednagar,Shrirampur,Other,Vegetables
Maharashtra,Ahmednagar,Shrirampur,Other,Vegetables
Maharashtra,Ahmednagar,Shrirampur,Other,Vegetables
Maharashtra,Ahmednagar,Shrirampur,Other,Vegetables
Maharashtra,Ahmednagar,Shrirampur,Other,Vegetables
Maharashtra,Ahmednagar,Shrirampur,Other,Vegetables
Maharashtra,Ahmednagar,Shrirampur,Other,Vegetables
Maharashtra,Ahmednagar,Shrirampur,Other,Vegetables
Maharashtra,Ahmednagar,Shrirampur,Other,Vegetables
Maharashtra,Ahmednagar,Shrirampur,Other,Vegetables
Maharashtra,Ahmednagar,Shrirampur,Other,Vegetables
Maharashtra,Ahmednagar,Shrirampur,Other,Vegetables
Maharashtra,Ahmednagar,Shrirampur,Other,Vegetables
Maharashtra,Ahmednagar,Shrirampur,Other,Vegetables
Maharashtra,Ahmednagar,Shrirampur,Other,Vegetables
Maharashtra,Ahmednagar,Shrirampur,Other,Vegetables
Maharashtra,Amarawati,Amrawati(Frui & Veg. Market),Local,Vegetables
Maharashtra,Amarawati,Amrawati(Frui & Veg. Market),Local,Vegetables
Maharashtra,Amarawati,Amrawati(Frui & Veg. Market),Local,Vegetables
Maharashtra,Amarawati,Amrawati(Frui & Veg. Market),Local,Vegetables
Maharashtra,Amarawati,Amrawati(Frui & Veg. Market),Local,Vegetables
Maharashtra,Amarawati,Morshi,Other,Vegetables
Maharashtra,Amarawati,Morshi,Other,Vegetables
Maharashtra,Amarawati,Morshi,Other,Vegetables
Maharashtra,Amarawati,Morshi,Other,Vegetables
Maharashtra,Amarawati,Morshi,Other,Vegetables
Maharashtra,Amarawati,Morshi,Other,Vegetables
Maharashtra,Amarawati,Morshi,Other,Vegetables
Maharashtra,Amarawati,Morshi,Other,Vegetables
Maharashtra,Amarawati,Morshi,Other,Vegetables
Maharashtra,Amarawati,Morshi,Other,Vegetables
Maharashtra,Amarawati,Morshi,Other,Vegetables
Maharashtra,Amarawati,Morshi,Other,Vegetables
Maharashtra,Amarawati,Morshi,Other,Vegetables
Maharashtra,Amarawati,Morshi,Other,Vegetables
Maharashtra,Amarawati,Morshi,Other,Vegetables
Maharashtra,Amarawati,Morshi,Other,Vegetables
Maharashtra,Amarawati,Morshi,Other,Vegetables
Maharashtra,Amarawati,Morshi,Other,Vegetables
Maharashtra,Amarawati,Morshi,Other,Vegetables
Maharashtra,Amarawati,Morshi,Other,Vegetables
Maharashtra,Amarawati,Morshi,Other,Vegetables
Maharashtra,Amarawati,Morshi,Other,Vegetables
Maharashtra,Amarawati,Morshi,Other,Vegetables
Maharashtra,Amarawati,Morshi,Other,Vegetables
Maharashtra,Amarawati,Morshi,Other,Vegetables
Maharashtra,Amarawati,Morshi,Other,Vegetables
Maharashtra,Amarawati,Morshi,Other,Vegetables
Maharashtra,Amarawati,Morshi,Other,Vegetables
Maharashtra,Amarawati,Morshi,Other,Vegetables
Maharashtra,Amarawati,Morshi,Other,Vegetables
Maharashtra,Amarawati,Morshi,Other,Vegetables
Maharashtra,Amarawati,Morshi,Other,Vegetables
Maharashtra,Amarawati,Morshi,Other,Vegetables
Maharashtra,Amarawati,Morshi,Other,Vegetables
Maharashtra,Buldhana,Malkapur,Local,Vegetables
Maharashtra,Buldhana,Malkapur,Local,Vegetables
Maharashtra,Buldhana,Malkapur,Local,Vegetables
Maharashtra,Buldhana,Malkapur,Local,Vegetables
Maharashtra,Buldhana,Malkapur,Local,Vegetables
Maharashtra,Buldhana,Malkapur,Local,Vegetables
Maharashtra,Buldhana,Malkapur,Local,Vegetables
Maharashtra,Buldhana,Malkapur,Local,Vegetables
Maharashtra,Buldhana,Nandura,Other,Vegetables
Maharashtra,Chandrapur,Chandrapur(Ganjwad),White,Vegetables
Maharashtra,Chandrapur,Chandrapur(Ganjwad),White,Vegetables
Maharashtra,Chandrapur,Chandrapur(Ganjwad),White,Vegetables
Maharashtra,Chandrapur,Chandrapur(Ganjwad),White,Vegetables
Maharashtra,Chandrapur,Chandrapur(Ganjwad),White,Vegetables
Maharashtra,Chandrapur,Chandrapur(Ganjwad),White,Vegetables
Maharashtra,Chandrapur,Chandrapur(Ganjwad),White,Vegetables
Maharashtra,Chandrapur,Chandrapur(Ganjwad),White,Vegetables
Maharashtra,Chandrapur,Chandrapur(Ganjwad),White,Vegetables
Maharashtra,Chandrapur,Chandrapur(Ganjwad),White,Vegetables
Maharashtra,Chandrapur,Chandrapur(Ganjwad),White,Vegetables
Maharashtra,Chandrapur,Chandrapur(Ganjwad),White,Vegetables
Maharashtra,Chandrapur,Chandrapur(Ganjwad),White,Vegetables
Maharashtra,Chandrapur,Chandrapur(Ganjwad),White,Vegetables
Maharashtra,Chandrapur,Chandrapur(Ganjwad),White,Vegetables
Maharashtra,Chandrapur,Chandrapur(Ganjwad),White,Vegetables
Maharashtra,Chandrapur,Chandrapur(Ganjwad),White,Vegetables
Maharashtra,Chattrapati Sambhajinagar,Chattrapati Sambhajinagar,Other,Vegetables
Maharashtra,Chattrapati Sambhajinagar,Chattrapati Sambhajinagar,Other,Vegetables
Maharashtra,Chattrapati Sambhajinagar,Chattrapati Sambhajinagar,Other,Vegetables
Maharashtra,Chattrapati Sambhajinagar,Chattrapati Sambhajinagar,Other,Vegetables
Maharashtra,Chattrapati Sambhajinagar,Chattrapati Sambhajinagar,Other,Vegetables
Maharashtra,Chattrapati Sambhajinagar,Chattrapati Sambhajinagar,Other,Vegetables
Maharashtra,Chattrapati Sambhajinagar,Chattrapati Sambhajinagar,Other,Vegetables
Maharashtra,Chattrapati Sambhajinagar,Chattrapati Sambhajinagar,Other,Vegetables
Maharashtra,Chattrapati Sambhajinagar,Chattrapati Sambhajinagar,Other,Vegetables
Maharashtra,Chattrapati Sambhajinagar,Chattrapati Sambhajinagar,Other,Vegetables
Maharashtra,Chattrapati Sambhajinagar,Chattrapati Sambhajinagar,Other,Vegetables
Maharashtra,Chattrapati Sambhajinagar,Chattrapati Sambhajinagar,Other,Vegetables
Maharashtra,Chattrapati Sambhajinagar,Chattrapati Sambhajinagar,Other,Vegetables
Maharashtra,Chattrapati Sambhajinagar,Chattrapati Sambhajinagar,Other,Vegetables
Maharashtra,Chattrapati Sambhajinagar,Chattrapati Sambhajinagar,Other,Vegetables
Maharashtra,Chattrapati Sambhajinagar,Chattrapati Sambhajinagar,Other,Vegetables
Maharashtra,Chattrapati Sambhajinagar,Chattrapati Sambhajinagar,Other,Vegetables
Maharashtra,Chattrapati Sambhajinagar,Chattrapati Sambhajinagar,Other,Vegetables
Maharashtra,Chattrapati Sambhajinagar,Chattrapati Sambhajinagar,Other,Vegetables
Maharashtra,Chattrapati Sambhajinagar,Chattrapati Sambhajinagar,Other,Vegetables
Maharashtra,Chattrapati Sambhajinagar,Chattrapati Sambhajinagar,Other,Vegetables
Maharashtra,Chattrapati Sambhajinagar,Chattrapati Sambhajinagar,Other,Vegetables
Maharashtra,Chattrapati Sambhajinagar,Chattrapati Sambhajinagar,Other,Vegetables
Maharashtra,Chattrapati Sambhajinagar,Chattrapati Sambhajinagar,Other,Vegetables
Maharashtra,Chattrapati Sambhajinagar,Chattrapati Sambhajinagar,Other,Vegetables
Maharashtra,Chattrapati Sambhajinagar,Lasur Station,Other,Vegetables
Maharashtra,Chattrapati Sambhajinagar,Lasur Station,Other,Vegetables
Maharashtra,Chattrapati Sambhajinagar,Lasur Station,Other,Vegetables
Maharashtra,Chattrapati Sambhajinagar,Lasur Station,Other,Vegetables
Maharashtra,Chattrapati Sambhajinagar,Lasur Station,Other,Vegetables
Maharashtra,Chattrapati Sambhajinagar,Lasur Station,Other,Vegetables
Maharashtra,Chattrapati Sambhajinagar,Lasur Station,Other,Vegetables
Maharashtra,Chattrapati Sambhajinagar,Lasur Station,Other,Vegetables
Maharashtra,Chattrapati Sambhajinagar,Lasur Station,Other,Vegetables
Maharashtra,Chattrapati Sambhajinagar,Lasur Station,Other,Vegetables
Maharashtra,Chattrapati Sambhajinagar,Lasur Station,Other,Vegetables
Maharashtra,Chattrapati Sambhajinagar,Lasur Station,Other,Vegetables
Maharashtra,Chattrapati Sambhajinagar,Lasur Station,Other,Vegetables
Maharashtra,Chattrapati Sambhajinagar,Lasur Station,Other,Vegetables
Maharashtra,Chattrapati Sambhajinagar,Lasur Station,Other,Vegetables
Maharashtra,Chattrapati Sambhajinagar,Lasur Station,Other,Vegetables
Maharashtra,Chattrapati Sambhajinagar,Vaijpur,Red,Vegetables
Maharashtra,Chattrapati Sambhajinagar,Vaijpur,Red,Vegetables
Maharashtra,Chattrapati Sambhajinagar,Vaijpur,Red,Vegetables
Maharashtra,Chattrapati Sambhajinagar,Vaijpur,Red,Vegetables
Maharashtra,Chattrapati Sambhajinagar,Vaijpur,Red,Vegetables
Maharashtra,Chattrapati Sambhajinagar,Vaijpur,Red,Vegetables
Maharashtra,Chattrapati Sambhajinagar,Vaijpur,Red,Vegetables
Maharashtra,Chattrapati Sambhajinagar,Vaijpur,Red,Vegetables
Maharashtra,Chattrapati Sambhajinagar,Vaijpur,Red,Vegetables
Maharashtra,Chattrapati Sambhajinagar,Vaijpur,Red,Vegetables
Maharashtra,Chattrapati Sambhajinagar,Vaijpur,Red,Vegetables
Maharashtra,Chattrapati Sambhajinagar,Vaijpur,Red,Vegetables
Maharashtra,Chattrapati Sambhajinagar,Vaijpur,Red,Vegetables
Maharashtra,Chattrapati Sambhajinagar,Vaijpur,Red,Vegetables
Maharashtra,Chattrapati Sambhajinagar,Vaijpur,Red,Vegetables
Maharashtra,Chattrapati Sambhajinagar,Vaijpur,Red,Vegetables
Maharashtra,Chattrapati Sambhajinagar,Vaijpur,Red,Vegetables
Maharashtra,Chattrapati Sambhajinagar,Vaijpur,Red,Vegetables
Maharashtra,Chattrapati Sambhajinagar,Vaijpur,Red,Vegetables
Maharashtra,Chattrapati Sambhajinagar,Vaijpur,Red,Vegetables
Maharashtra,Chattrapati Sambhajinagar,Vaijpur,Red,Vegetables
Maharashtra,Chattrapati Sambhajinagar,Vaijpur,Red,Vegetables
Maharashtra,Chattrapati Sambhajinagar,Vaijpur,Red,Vegetables
Maharashtra,Chattrapati Sambhajinagar,Vaijpur,Red,Vegetables
Maharashtra,Chattrapati Sambhajinagar,Vaijpur,Red,Vegetables
Maharashtra,Chattrapati Sambhajinagar,Vaijpur,Red,Vegetables
Maharashtra,Dharashiv(Usmanabad),Dharashiv,Red,Vegetables
Maharashtra,Dharashiv(Usmanabad),Dharashiv,Red,Vegetables
Maharashtra,Dharashiv(Usmanabad),Dharashiv,Red,Vegetables
Maharashtra,Dharashiv(Usmanabad),Dharashiv,Red,Vegetables
Maharashtra,Dhule,Dhule,Red,Vegetables
Maharashtra,Dhule,Dhule,Red,Vegetables
Maharashtra,Dhule,Dhule,Red,Vegetables
Maharashtra,Dhule,Dhule,Red,Vegetables
Maharashtra,Dhule,Dhule,Red,Vegetables
Maharashtra,Dhule,Dhule,Red,Vegetables
Maharashtra,Dhule,Dhule,Red,Vegetables
Maharashtra,Dhule,Dhule,Red,Vegetables
Maharashtra,Dhule,Dhule,Red,Vegetables
Maharashtra,Dhule,Dhule,Red,Vegetables
Maharashtra,Dhule,Dhule,Red,Vegetables
Maharashtra,Dhule,Dhule,Red,Vegetables
Maharashtra,Dhule,Dhule,Red,Vegetables
Maharashtra,Dhule,Dhule,Red,Vegetables
Maharashtra,Dhule,Dhule,Red,Vegetables
Maharashtra,Dhule,Dhule,Red,Vegetables
Maharashtra,Dhule,Dhule,Red,Vegetables
Maharashtra,Dhule,Dhule,Red,Vegetables
Maharashtra,Jalgaon,Bhusaval,Red,Vegetables
Maharashtra,Jalgaon,Bhusaval,Red,Vegetables
Maharashtra,Jalgaon,Bhusaval,Red,Vegetables
Maharashtra,Jalgaon,Bhusaval,Red,Vegetables
Maharashtra,Jalgaon,Bhusaval,Red,Vegetables
Maharashtra,Jalgaon,Bhusaval,Red,Vegetables
Maharashtra,Jalgaon,Bhusaval,Red,Vegetables
Maharashtra,Jalgaon,Bhusaval,Red,Vegetables
Maharashtra,Jalgaon,Bhusaval,Red,Vegetables
Maharashtra,Jalgaon,Bhusaval,Red,Vegetables
Maharashtra,Jalgaon,Bhusaval,Red,Vegetables
Maharashtra,Jalgaon,Bhusaval,Red,Vegetables
Maharashtra,Jalgaon,Bhusaval,Red,Vegetables
Maharashtra,Jalgaon,Bhusaval,Red,Vegetables
Maharashtra,Jalgaon,Bhusaval,Red,Vegetables
Maharashtra,Jalgaon,Bhusaval,Red,Vegetables
Maharashtra,Jalgaon,Bhusaval,Red,Vegetables
Maharashtra,Jalgaon,Bhusaval,Red,Vegetables
Maharashtra,Jalgaon,Bhusaval,Red,Vegetables
Maharashtra,Jalgaon,Bhusaval,Red,Vegetables
Maharashtra,Jalgaon,Bhusaval,Red,Vegetables
Maharashtra,Jalgaon,Bhusaval,Red,Vegetables
Maharashtra,Jalgaon,Bhusaval,Red,Vegetables
Maharashtra,Jalgaon,Bhusaval,Red,Vegetables
Maharashtra,Jalgaon,Bhusaval,Red,Vegetables
Maharashtra,Jalgaon,Chalisgaon,Red,Vegetables
Maharashtra,Jalgaon,Chalisgaon,Red,Vegetables
Maharashtra,Jalgaon,Chalisgaon,Red,Vegetables
Maharashtra,Jalgaon,Chalisgaon,Red,Vegetables
Maharashtra,Jalgaon,Chalisgaon,Red,Vegetables
Maharashtra,Jalgaon,Chalisgaon,Red,Vegetables
Maharashtra,Jalgaon,Chalisgaon,Red,Vegetables
Maharashtra,Jalgaon,Chalisgaon,Red,Vegetables
Maharashtra,Jalgaon,Chalisgaon,Red,Vegetables
Maharashtra,Jalgaon,Chalisgaon,Red,Vegetables
Maharashtra,Jalgaon,Chalisgaon,Red,Vegetables
Maharashtra,Jalgaon,Chalisgaon,Red,Vegetables
Maharashtra,Jalgaon,Chalisgaon,Red,Vegetables
Maharashtra,Jalgaon,Chalisgaon,Red,Vegetables
Maharashtra,Jalgaon,Chalisgaon,Red,Vegetables
Maharashtra,Jalgaon,Jalgaon,Red,Vegetables
Maharashtra,Jalgaon,Jalgaon,Red,Vegetables
Maharashtra,Jalgaon,Jalgaon,Red,Vegetables
Maharashtra,Jalgaon,Jalgaon,Red,Vegetables
Maharashtra,Jalgaon,Jalgaon,Red,Vegetables
Maharashtra,Jalgaon,Jalgaon,Red,Vegetables
Maharashtra,Jalgaon,Jalgaon,Red,Vegetables
Maharashtra,Jalgaon,Jalgaon,Red,Vegetables
Maharashtra,Jalgaon,Jalgaon,Red,Vegetables
Maharashtra,Jalgaon,Jalgaon,Red,Vegetables
Maharashtra,Jalgaon,Jalgaon,Red,Vegetables
Maharashtra,Jalgaon,Jalgaon,Red,Vegetables
Maharashtra,Jalgaon,Jalgaon,Red,Vegetables
Maharashtra,Jalgaon,Jalgaon,Red,Vegetables
Maharashtra,Jalgaon,Jalgaon,Red,Vegetables
Maharashtra,Jalgaon,Jalgaon,Red,Vegetables
Maharashtra,Jalgaon,Jalgaon,Red,Vegetables
Maharashtra,Jalgaon,Jalgaon,Red,Vegetables
Maharashtra,Jalgaon,Jalgaon,Red,Vegetables
Maharashtra,Jalgaon,Jalgaon,Red,Vegetables
Maharashtra,Jalgaon,Jalgaon,Red,Vegetables
Maharashtra,Jalgaon,Jalgaon,Red,Vegetables
Maharashtra,Jalgaon,Jalgaon,Red,Vegetables
Maharashtra,Jalgaon,Jalgaon,Red,Vegetables
Maharashtra,Jalgaon,Jalgaon,Red,Vegetables
Maharashtra,Jalgaon,Jalgaon,Red,Vegetables
Maharashtra,Jalgaon,Jalgaon,Red,Vegetables
Maharashtra,Jalgaon,Jalgaon,Red,Vegetables
Maharashtra,Jalgaon,Jalgaon,Red,Vegetables
Maharashtra,Jalgaon,Jalgaon,White,Vegetables
Maharashtra,Jalgaon,Jalgaon,White,Vegetables
Maharashtra,Jalgaon,Jalgaon,White,Vegetables
Maharashtra,Jalgaon,Jalgaon,White,Vegetables
Maharashtra,Jalgaon,Jalgaon,White,Vegetables
Maharashtra,Jalgaon,Jalgaon,White,Vegetables
Maharashtra,Jalgaon,Jalgaon,White,Vegetables
Maharashtra,Jalgaon,Jalgaon,White,Vegetables
Maharashtra,Jalgaon,Jalgaon,White,Vegetables
Maharashtra,Jalgaon,Jalgaon,White,Vegetables
Maharashtra,Jalgaon,Jalgaon,White,Vegetables
Maharashtra,Jalgaon,Jalgaon,White,Vegetables
Maharashtra,Jalgaon,Jalgaon,White,Vegetables
Maharashtra,Jalgaon,Jalgaon,White,Vegetables
Maharashtra,Jalgaon,Jalgaon,White,Vegetables
Maharashtra,Jalgaon,Jalgaon,White,Vegetables
Maharashtra,Jalgaon,Jalgaon,White,Vegetables
Maharashtra,Jalgaon,Jalgaon,White,Vegetables
Maharashtra,Jalgaon,Jalgaon,White,Vegetables
Maharashtra,Jalgaon,Jalgaon,White,Vegetables
Maharashtra,Jalgaon,Jalgaon,White,Vegetables
Maharashtra,Jalgaon,Jalgaon,White,Vegetables
Maharashtra,Jalgaon,Jalgaon,White,Vegetables
Maharashtra,Jalgaon,Yawal,Red,Vegetables
Maharashtra,Jalgaon,Yawal,Red,Vegetables
Maharashtra,Jalgaon,Yawal,Red,Vegetables
Maharashtra,Jalgaon,Yawal,Red,Vegetables
Maharashtra,Jalgaon,Yawal,Red,Vegetables
Maharashtra,Jalgaon,Yawal,Red,Vegetables
Maharashtra,Jalgaon,Yawal,Red,Vegetables
Maharashtra,Jalgaon,Yawal,Red,Vegetables
Maharashtra,Jalgaon,Yawal,Red,Vegetables
Maharashtra,Jalgaon,Yawal,Red,Vegetables
Maharashtra,Jalgaon,Yawal,Red,Vegetables
Maharashtra,Jalgaon,Yawal,Red,Vegetables
Maharashtra,Jalgaon,Yawal,Red,Vegetables
Maharashtra,Jalgaon,Yawal,Red,Vegetables
Maharashtra,Jalgaon,Yawal,Red,Vegetables
Maharashtra,Jalgaon,Yawal,Red,Vegetables
Maharashtra,Kolhapur,Kolhapur,Other,Vegetables
Maharashtra,Kolhapur,Kolhapur,Other,Vegetables
Maharashtra,Kolhapur,Kolhapur,Other,Vegetables
Maharashtra,Kolhapur,Kolhapur,Other,Vegetables
Maharashtra,Kolhapur,Kolhapur,Other,Vegetables
Maharashtra,Kolhapur,Kolhapur,Other,Vegetables
Maharashtra,Kolhapur,Kolhapur,Other,Vegetables
Maharashtra,Kolhapur,Kolhapur,Other,Vegetables
Maharashtra,Kolhapur,Kolhapur,Other,Vegetables
Maharashtra,Kolhapur,Kolhapur,Other,Vegetables
Maharashtra,Kolhapur,Kolhapur,Other,Vegetables
Maharashtra,Kolhapur,Kolhapur,Other,Vegetables
Maharashtra,Kolhapur,Kolhapur,Other,Vegetables
Maharashtra,Kolhapur,Kolhapur,Other,Vegetables
Maharashtra,Kolhapur,Kolhapur,Other,Vegetables
Maharashtra,Kolhapur,Kolhapur,Other,Vegetables
Maharashtra,Kolhapur,Kolhapur,Other,Vegetables
Maharashtra,Kolhapur,Kolhapur,Other,Vegetables
Maharashtra,Kolhapur,Kolhapur,Other,Vegetables
Maharashtra,Kolhapur,Kolhapur,Other,Vegetables
Maharashtra,Kolhapur,Kolhapur,Other,Vegetables
Maharashtra,Kolhapur,Kolhapur,Other,Vegetables
Maharashtra,Kolhapur,Kolhapur,Other,Vegetables
Maharashtra,Kolhapur,Kolhapur,Other,Vegetables
Maharashtra,Kolhapur,Kolhapur,Other,Vegetables
Maharashtra,Kolhapur,Kolhapur,Other,Vegetables
Maharashtra,Kolhapur,Kolhapur,Other,Vegetables
Maharashtra,Kolhapur,Kolhapur,Other,Vegetables
Maharashtra,Kolhapur,Kolhapur,Other,Vegetables
Maharashtra,Kolhapur,Kolhapur,Other,Vegetables
Maharashtra,Kolhapur,Kolhapur,Other,Vegetables
Maharashtra,Kolhapur,Kolhapur,Other,Vegetables
Maharashtra,Kolhapur,Kolhapur,Other,Vegetables
Maharashtra,Kolhapur,Kolhapur,Other,Vegetables
Maharashtra,Kolhapur,Kolhapur,Other,Vegetables
Maharashtra,Mumbai,Vashi New Mumbai,Other,Vegetables
Maharashtra,Mumbai,Vashi New Mumbai,Other,Vegetables
Maharashtra,Mumbai,Vashi New Mumbai,Other,Vegetables
Maharashtra,Mumbai,Vashi New Mumbai,Other,Vegetables
Maharashtra,Mumbai,Vashi New Mumbai,Other,Vegetables
Maharashtra,Mumbai,Vashi New Mumbai,Other,Vegetables
Maharashtra,Mumbai,Vashi New Mumbai,Other,Vegetables
Maharashtra,Mumbai,Vashi New Mumbai,Other,Vegetables
Maharashtra,Mumbai,Vashi New Mumbai,Other,Vegetables
Maharashtra,Mumbai,Vashi New Mumbai,Other,Vegetables
Maharashtra,Mumbai,Vashi New Mumbai,Other,Vegetables
Maharashtra,Mumbai,Vashi New Mumbai,Other,Vegetables
Maharashtra,Mumbai,Vashi New Mumbai,Other,Vegetables
Maharashtra,Mumbai,Vashi New Mumbai,Other,Vegetables
Maharashtra,Mumbai,Vashi New Mumbai,Other,Vegetables
Maharashtra,Mumbai,Vashi New Mumbai,Other,Vegetables
Maharashtra,Mumbai,Vashi New Mumbai,Other,Vegetables
Maharashtra,Mumbai,Vashi New Mumbai,Other,Vegetables
Maharashtra,Mumbai,Vashi New Mumbai,Other,Vegetables
Maharashtra,Mumbai,Vashi New Mumbai,Other,Vegetables
Maharashtra,Mumbai,Vashi New Mumbai,Other,Vegetables
Maharashtra,Mumbai,Vashi New Mumbai,Other,Vegetables
Maharashtra,Mumbai,Vashi New Mumbai,Other,Vegetables
Maharashtra,Mumbai,Vashi New Mumbai,Other,Vegetables
Maharashtra,Mumbai,Vashi New Mumbai,Other,Vegetables
Maharashtra,Mumbai,Vashi New Mumbai,Other,Vegetables
Maharashtra,Mumbai,Vashi New Mumbai,Other,Vegetables
Maharashtra,Mumbai,Vashi New Mumbai,Other,Vegetables
Maharashtra,Mumbai,Vashi New Mumbai,Other,Vegetables
Maharashtra,Mumbai,Vashi New Mumbai,Other,Vegetables
Maharashtra,Mumbai,Vashi New Mumbai,Other,Vegetables
Maharashtra,Mumbai,Vashi New Mumbai,Other,Vegetables
Maharashtra,Mumbai,Vashi New Mumbai,Other,Vegetables
Maharashtra,Mumbai,Vashi New Mumbai,Other,Vegetables
Maharashtra,Mumbai,Vashi New Mumbai,Other,Vegetables
Maharashtra,Nagpur,Kamthi,Local,Vegetables
Maharashtra,Nagpur,Kamthi,Local,Vegetables
Maharashtra,Nagpur,Kamthi,Local,Vegetables
Maharashtra,Nagpur,Kamthi,Local,Vegetables
Maharashtra,Nagpur,Kamthi,Local,Vegetables
Maharashtra,Nagpur,Kamthi,Local,Vegetables
Maharashtra,Nagpur,Kamthi,Local,Vegetables
Maharashtra,Nagpur,Kamthi,Local,Vegetables
Maharashtra,Nagpur,Kamthi,Local,Vegetables
Maharashtra,Nagpur,Kamthi,Local,Vegetables
Maharashtra,Nagpur,Kamthi,Local,Vegetables
Maharashtra,Nagpur,Nagpur,Red,Vegetables
Maharashtra,Nagpur,Nagpur,Red,Vegetables
Maharashtra,Nagpur,Nagpur,Red,Vegetables
Maharashtra,Nagpur,Nagpur,Red,Vegetables
Maharashtra,Nagpur,Nagpur,Red,Vegetables
Maharashtra,Nagpur,Nagpur,Red,Vegetables
Maharashtra,Nagpur,Nagpur,Red,Vegetables
Maharashtra,Nagpur,Nagpur,Red,Vegetables
Maharashtra,Nagpur,Nagpur,Red,Vegetables
Maharashtra,Nagpur,Nagpur,Red,Vegetables
Maharashtra,Nagpur,Nagpur,Red,Vegetables
Maharashtra,Nagpur,Nagpur,Red,Vegetables
Maharashtra,Nagpur,Nagpur,Red,Vegetables
Maharashtra,Nagpur,Nagpur,Red,Vegetables
Maharashtra,Nagpur,Nagpur,Red,Vegetables
Maharashtra,Nagpur,Nagpur,Red,Vegetables
Maharashtra,Nagpur,Nagpur,Red,Vegetables
Maharashtra,Nagpur,Nagpur,Red,Vegetables
Maharashtra,Nagpur,Nagpur,Red,Vegetables
Maharashtra,Nagpur,Nagpur,Red,Vegetables
Maharashtra,Nagpur,Nagpur,Red,Vegetables
Maharashtra,Nagpur,Nagpur,Red,Vegetables
Maharashtra,Nagpur,Nagpur,Red,Vegetables
Maharashtra,Nagpur,Nagpur,Red,Vegetables
Maharashtra,Nagpur,Nagpur,Red,Vegetables
Maharashtra,Nagpur,Nagpur,Red,Vegetables
Maharashtra,Nagpur,Nagpur,Red,Vegetables
Maharashtra,Nagpur,Nagpur,Red,Vegetables
Maharashtra,Nagpur,Nagpur,Red,Vegetables
Maharashtra,Nagpur,Nagpur,Red,Vegetables
Maharashtra,Nagpur,Nagpur,Red,Vegetables
Maharashtra,Nagpur,Nagpur,White,Vegetables
Maharashtra,Nagpur,Nagpur,White,Vegetables
Maharashtra,Nagpur,Nagpur,White,Vegetables
Maharashtra,Nagpur,Nagpur,White,Vegetables
Maharashtra,Nagpur,Nagpur,White,Vegetables
Maharashtra,Nagpur,Nagpur,White,Vegetables
Maharashtra,Nagpur,Nagpur,White,Vegetables
Maharashtra,Nagpur,Nagpur,White,Vegetables
Maharashtra,Nagpur,Nagpur,White,Vegetables
Maharashtra,Nagpur,Nagpur,White,Vegetables
Maharashtra,Nagpur,Nagpur,White,Vegetables
Maharashtra,Nagpur,Nagpur,White,Vegetables
Maharashtra,Nagpur,Nagpur,White,Vegetables
Maharashtra,Nagpur,Nagpur,White,Vegetables
Maharashtra,Nagpur,Nagpur,White,Vegetables
Maharashtra,Nagpur,Nagpur,White,Vegetables
Maharashtra,Nagpur,Nagpur,White,Vegetables
Maharashtra,Nagpur,Nagpur,White,Vegetables
Maharashtra,Nagpur,Nagpur,White,Vegetables
Maharashtra,Nagpur,Nagpur,White,Vegetables
Maharashtra,Nagpur,Nagpur,White,Vegetables
Maharashtra,Nagpur,Nagpur,White,Vegetables
Maharashtra,Nagpur,Nagpur,White,Vegetables
Maharashtra,Nagpur,Nagpur,White,Vegetables
Maharashtra,Nagpur,Nagpur,White,Vegetables
Maharashtra,Nagpur,Nagpur,White,Vegetables
Maharashtra,Nagpur,Nagpur,White,Vegetables
Maharashtra,Nagpur,Nagpur,White,Vegetables
Maharashtra,Nagpur,Nagpur,White,Vegetables
Maharashtra,Nagpur,Nagpur,White,Vegetables
Maharashtra,Nagpur,Nagpur,White,Vegetables
Maharashtra,Nagpur,Nagpur,White,Vegetables
Maharashtra,Nagpur,Ramtek,Other,Vegetables
Maharashtra,Nagpur,Ramtek,Other,Vegetables
Maharashtra,Nagpur,Ramtek,Other,Vegetables
Maharashtra,Nagpur,Ramtek,Other,Vegetables
Maharashtra,Nagpur,Ramtek,Other,Vegetables
Maharashtra,Nagpur,Ramtek,Other,Vegetables
Maharashtra,Nagpur,Ramtek,Other,Vegetables
Maharashtra,Nagpur,Ramtek,Other,Vegetables
Maharashtra,Nandurbar,Navapur,Other,Vegetables
Maharashtra,Nashik,Chandvad,Other,Vegetables
Maharashtra,Nashik,Chandvad,Other,Vegetables
Maharashtra,Nashik,Chandvad,Other,Vegetables
Maharashtra,Nashik,Chandvad,Other,Vegetables
Maharashtra,Nashik,Chandvad,Other,Vegetables
Maharashtra,Nashik,Chandvad,Other,Vegetables
Maharashtra,Nashik,Chandvad,Other,Vegetables
Maharashtra,Nashik,Chandvad,Other,Vegetables
Maharashtra,Nashik,Chandvad,Other,Vegetables
Maharashtra,Nashik,Chandvad,Other,Vegetables
Maharashtra,Nashik,Chandvad,Other,Vegetables
Maharashtra,Nashik,Chandvad,Other,Vegetables
Maharashtra,Nashik,Chandvad,Other,Vegetables
Maharashtra,Nashik,Chandvad,Red,Vegetables
Maharashtra,Nashik,Chandvad,Red,Vegetables
Maharashtra,Nashik,Chandvad,Red,Vegetables
Maharashtra,Nashik,Chandvad,Red,Vegetables
Maharashtra,Nashik,Chandvad,Red,Vegetables
Maharashtra,Nashik,Chandvad,Red,Vegetables
Maharashtra,Nashik,Chandvad,Red,Vegetables
Maharashtra,Nashik,Chandvad,Red,Vegetables
Maharashtra,Nashik,Chandvad,Red,Vegetables
Maharashtra,Nashik,Chandvad,Red,Vegetables
Maharashtra,Nashik,Chandvad,Red,Vegetables
Maharashtra,Nashik,Chandvad,Red,Vegetables
Maharashtra,Nashik,Chandvad,Red,Vegetables
Maharashtra,Nashik,Chandvad,Red,Vegetables
Maharashtra,Nashik,Chandvad,Red,Vegetables
Maharashtra,Nashik,Chandvad,Red,Vegetables
Maharashtra,Nashik,Chandvad,Red,Vegetables
Maharashtra,Nashik,Chandvad,Red,Vegetables
Maharashtra,Nashik,Chandvad,Red,Vegetables
Maharashtra,Nashik,Devala,Other,Vegetables
Maharashtra,Nashik,Devala,Other,Vegetables
Maharashtra,Nashik,Devala,Other,Vegetables
Maharashtra,Nashik,Devala,Other,Vegetables
Maharashtra,Nashik,Devala,Other,Vegetables
Maharashtra,Nashik,Devala,Other,Vegetables
Maharashtra,Nashik,Devala,Other,Vegetables
Maharashtra,Nashik,Devala,Other,Vegetables
Maharashtra,Nashik,Devala,Other,Vegetables
Maharashtra,Nashik,Devala,Other,Vegetables
Maharashtra,Nashik,Devala,Other,Vegetables
Maharashtra,Nashik,Devala,Other,Vegetables
Maharashtra,Nashik,Devala,Other,Vegetables
Maharashtra,Nashik,Devala,Other,Vegetables
Maharashtra,Nashik,Devala,Other,Vegetables
Maharashtra,Nashik,Devala,Other,Vegetables
Maharashtra,Nashik,Devala,Other,Vegetables
Maharashtra,Nashik,Devala,Other,Vegetables
Maharashtra,Nashik,Devala,Other,Vegetables
Maharashtra,Nashik,Devala,Other,Vegetables
Maharashtra,Nashik,Devala,Other,Vegetables
Maharashtra,Nashik,Devala,Other,Vegetables
Maharashtra,Nashik,Devala,Other,Vegetables
Maharashtra,Nashik,Devala,Red,Vegetables
Maharashtra,Nashik,Devala,Red,Vegetables
Maharashtra,Nashik,Devala,Red,Vegetables
Maharashtra,Nashik,Devala,Red,Vegetables
Maharashtra,Nashik,Devala,Red,Vegetables
Maharashtra,Nashik,Devala,Red,Vegetables
Maharashtra,Nashik,Devala,Red,Vegetables
Maharashtra,Nashik,Devala,Red,Vegetables
Maharashtra,Nashik,Devala,Red,Vegetables
Maharashtra,Nashik,Devala,Red,Vegetables
Maharashtra,Nashik,Devala,Red,Vegetables
Maharashtra,Nashik,Devala,Red,Vegetables
Maharashtra,Nashik,Devala,Red,Vegetables
Maharashtra,Nashik,Devala,Red,Vegetables
Maharashtra,Nashik,Devala,Red,Vegetables
Maharashtra,Nashik,Devala,Red,Vegetables
Maharashtra,Nashik,Devala,Red,Vegetables
Maharashtra,Nashik,Devala,Red,Vegetables
Maharashtra,Nashik,Devala,Red,Vegetables
Maharashtra,Nashik,Devala,Red,Vegetables
Maharashtra,Nashik,Devala,Red,Vegetables
Maharashtra,Nashik,Devala,Red,Vegetables
Maharashtra,Nashik,Devala,Red,Vegetables
Maharashtra,Nashik,Dindori,Other,Vegetables
Maharashtra,Nashik,Dindori,Other,Vegetables
Maharashtra,Nashik,Dindori,Other,Vegetables
Maharashtra,Nashik,Dindori,Other,Vegetables
Maharashtra,Nashik,Dindori,Other,Vegetables
Maharashtra,Nashik,Dindori,Other,Vegetables
Maharashtra,Nashik,Dindori,Other,Vegetables
Maharashtra,Nashik,Dindori,Other,Vegetables
Maharashtra,Nashik,Dindori,Red,Vegetables
Maharashtra,Nashik,Dindori(Vani),Other,Vegetables
Maharashtra,Nashik,Dindori(Vani),Other,Vegetables
Maharashtra,Nashik,Dindori(Vani),Other,Vegetables
Maharashtra,Nashik,Dindori(Vani),Other,Vegetables
Maharashtra,Nashik,Dindori(Vani),Other,Vegetables
Maharashtra,Nashik,Dindori(Vani),Other,Vegetables
Maharashtra,Nashik,Dindori(Vani),Other,Vegetables
Maharashtra,Nashik,Dindori(Vani),Other,Vegetables
Maharashtra,Nashik,Dindori(Vani),Other,Vegetables
Maharashtra,Nashik,Dindori(Vani),Other,Vegetables
Maharashtra,Nashik,Dindori(Vani),Other,Vegetables
Maharashtra,Nashik,Dindori(Vani),Other,Vegetables
Maharashtra,Nashik,Dindori(Vani),Other,Vegetables
Maharashtra,Nashik,Dindori(Vani),Other,Vegetables
Maharashtra,Nashik,Dindori(Vani),Other,Vegetables
Maharashtra,Nashik,Dindori(Vani),Other,Vegetables
Maharashtra,Nashik,Dindori(Vani),Other,Vegetables
Maharashtra,Nashik,Dindori(Vani),Other,Vegetables
Maharashtra,Nashik,Dindori(Vani),Other,Vegetables
Maharashtra,Nashik,Dindori(Vani),Other,Vegetables
Maharashtra,Nashik,Dindori(Vani),Other,Vegetables
Maharashtra,Nashik,Dindori(Vani),Other,Vegetables
Maharashtra,Nashik,Dindori(Vani),Other,Vegetables
Maharashtra,Nashik,Dindori(Vani),Other,Vegetables
Maharashtra,Nashik,Dindori(Vani),Other,Vegetables
Maharashtra,Nashik,Dindori(Vani),Other,Vegetables
Maharashtra,Nashik,Dindori(Vani),Red,Vegetables
Maharashtra,Nashik,Dindori(Vani),Red,Vegetables
Maharashtra,Nashik,Dindori(Vani),Red,Vegetables
Maharashtra,Nashik,Dindori(Vani),Red,Vegetables
Maharashtra,Nashik,Dindori(Vani),Red,Vegetables
Maharashtra,Nashik,Dindori(Vani),Red,Vegetables
Maharashtra,Nashik,Dindori(Vani),Red,Vegetables
Maharashtra,Nashik,Dindori(Vani),Red,Vegetables
Maharashtra,Nashik,Dindori(Vani),Red,Vegetables
Maharashtra,Nashik,Dindori(Vani),Red,Vegetables
Maharashtra,Nashik,Dindori(Vani),Red,Vegetables
Maharashtra,Nashik,Dindori(Vani),Red,Vegetables
Maharashtra,Nashik,Dindori(Vani),Red,Vegetables
Maharashtra,Nashik,Dindori(Vani),Red,Vegetables
Maharashtra,Nashik,Dindori(Vani),Red,Vegetables
Maharashtra,Nashik,Dindori(Vani),Red,Vegetables
Maharashtra,Nashik,Dindori(Vani),Red,Vegetables
Maharashtra,Nashik,Dindori(Vani),Red,Vegetables
Maharashtra,Nashik,Dindori(Vani),Red,Vegetables
Maharashtra,Nashik,Dindori(Vani),Red,Vegetables
Maharashtra,Nashik,Dindori(Vani),Red,Vegetables
Maharashtra,Nashik,Dindori(Vani),Red,Vegetables
Maharashtra,Nashik,Kalvan,Other,Vegetables
Maharashtra,Nashik,Kalvan,Other,Vegetables
Maharashtra,Nashik,Kalvan,Other,Vegetables
Maharashtra,Nashik,Kalvan,Other,Vegetables
Maharashtra,Nashik,Kalvan,Other,Vegetables
Maharashtra,Nashik,Kalvan,Other,Vegetables
Maharashtra,Nashik,Kalvan,Other,Vegetables
Maharashtra,Nashik,Kalvan,Other,Vegetables
Maharashtra,Nashik,Kalvan,Other,Vegetables
Maharashtra,Nashik,Kalvan,Other,Vegetables
Maharashtra,Nashik,Kalvan,Other,Vegetables
Maharashtra,Nashik,Kalvan,Other,Vegetables
Maharashtra,Nashik,Kalvan,Other,Vegetables
Maharashtra,Nashik,Kalvan,Other,Vegetables
Maharashtra,Nashik,Kalvan,Other,Vegetables
Maharashtra,Nashik,Kalvan,Other,Vegetables
Maharashtra,Nashik,Kalvan,Red,Vegetables
Maharashtra,Nashik,Kalvan,Red,Vegetables
Maharashtra,Nashik,Kalvan,Red,Vegetables
Maharashtra,Nashik,Kalvan,Red,Vegetables
Maharashtra,Nashik,Kalvan,Red,Vegetables
Maharashtra,Nashik,Kalvan,Red,Vegetables
Maharashtra,Nashik,Kalvan,Red,Vegetables
Maharashtra,Nashik,Kalvan,Red,Vegetables
Maharashtra,Nashik,Kalvan,Red,Vegetables
Maharashtra,Nashik,Kalvan,Red,Vegetables
Maharashtra,Nashik,Kalvan,Red,Vegetables
Maharashtra,Nashik,Kalvan,Red,Vegetables
Maharashtra,Nashik,Kalvan,Red,Vegetables
Maharashtra,Nashik,Kalvan,Red,Vegetables
Maharashtra,Nashik,Kalvan,Red,Vegetables
Maharashtra,Nashik,Kalvan,Red,Vegetables
Maharashtra,Nashik,Lasalgaon,Other,Vegetables
Maharashtra,Nashik,Lasalgaon,Other,Vegetables
Maharashtra,Nashik,Lasalgaon,Other,Vegetables
Maharashtra,Nashik,Lasalgaon,Other,Vegetables
Maharashtra,Nashik,Lasalgaon,Other,Vegetables
Maharashtra,Nashik,Lasalgaon,Other,Vegetables
Maharashtra,Nashik,Lasalgaon,Other,Vegetables
Maharashtra,Nashik,Lasalgaon,Other,Vegetables
Maharashtra,Nashik,Lasalgaon,Other,Vegetables
Maharashtra,Nashik,Lasalgaon,Other,Vegetables
Maharashtra,Nashik,Lasalgaon,Other,Vegetables
Maharashtra,Nashik,Lasalgaon,Other,Vegetables
Maharashtra,Nashik,Lasalgaon,Other,Vegetables
Maharashtra,Nashik,Lasalgaon,Other,Vegetables
Maharashtra,Nashik,Lasalgaon,Other,Vegetables
Maharashtra,Nashik,Lasalgaon,Other,Vegetables
Maharashtra,Nashik,Lasalgaon,Other,Vegetables
Maharashtra,Nashik,Lasalgaon,Other,Vegetables
Maharashtra,Nashik,Lasalgaon,Other,Vegetables
Maharashtra,Nashik,Lasalgaon,Other,Vegetables
Maharashtra,Nashik,Lasalgaon,Other,Vegetables
Maharashtra,Nashik,Lasalgaon,Other,Vegetables
Maharashtra,Nashik,Lasalgaon,Other,Vegetables
Maharashtra,Nashik,Lasalgaon,Other,Vegetables
Maharashtra,Nashik,Lasalgaon,Other,Vegetables
Maharashtra,Nashik,Lasalgaon,Other,Vegetables
Maharashtra,Nashik,Lasalgaon,Other,Vegetables
Maharashtra,Nashik,Lasalgaon,Other,Vegetables
Maharashtra,Nashik,Lasalgaon,Other,Vegetables
Maharashtra,Nashik,Lasalgaon,Red,Vegetables
Maharashtra,Nashik,Lasalgaon,Red,Vegetables
Maharashtra,Nashik,Lasalgaon,Red,Vegetables
Maharashtra,Nashik,Lasalgaon,Red,Vegetables
Maharashtra,Nashik,Lasalgaon,Red,Vegetables
Maharashtra,Nashik,Lasalgaon,Red,Vegetables
Maharashtra,Nashik,Lasalgaon,Red,Vegetables
Maharashtra,Nashik,Lasalgaon,Red,Vegetables
Maharashtra,Nashik,Lasalgaon,Red,Vegetables
Maharashtra,Nashik,Lasalgaon,Red,Vegetables
Maharashtra,Nashik,Lasalgaon,Red,Vegetables
Maharashtra,Nashik,Lasalgaon,Red,Vegetables
Maharashtra,Nashik,Lasalgaon,Red,Vegetables
Maharashtra,Nashik,Lasalgaon,Red,Vegetables
Maharashtra,Nashik,Lasalgaon,Red,Vegetables
Maharashtra,Nashik,Lasalgaon,Red,Vegetables
Maharashtra,Nashik,Lasalgaon,Red,Vegetables
Maharashtra,Nashik,Lasalgaon,Red,Vegetables
Maharashtra,Nashik,Lasalgaon,Red,Vegetables
Maharashtra,Nashik,Lasalgaon,Red,Vegetables
Maharashtra,Nashik,Lasalgaon,Red,Vegetables
Maharashtra,Nashik,Lasalgaon,Red,Vegetables
Maharashtra,Nashik,Lasalgaon,Red,Vegetables
Maharashtra,Nashik,Lasalgaon,Red,Vegetables
Maharashtra,Nashik,Lasalgaon,Red,Vegetables
Maharashtra,Nashik,Lasalgaon,Red,Vegetables
Maharashtra,Nashik,Lasalgaon,Red,Vegetables
Maharashtra,Nashik,Lasalgaon,Red,Vegetables
Maharashtra,Nashik,Lasalgaon,Red,Vegetables
Maharashtra,Nashik,Lasalgaon(Niphad),Other,Vegetables
Maharashtra,Nashik,Lasalgaon(Niphad),Other,Vegetables
Maharashtra,Nashik,Lasalgaon(Niphad),Other,Vegetables
Maharashtra,Nashik,Lasalgaon(Niphad),Other,Vegetables
Maharashtra,Nashik,Lasalgaon(Niphad),Other,Vegetables
Maharashtra,Nashik,Lasalgaon(Niphad),Other,Vegetables
Maharashtra,Nashik,Lasalgaon(Niphad),Other,Vegetables
Maharashtra,Nashik,Lasalgaon(Niphad),Other,Vegetables
Maharashtra,Nashik,Lasalgaon(Niphad),Other,Vegetables
Maharashtra,Nashik,Lasalgaon(Niphad),Other,Vegetables
Maharashtra,Nashik,Lasalgaon(Niphad),Other,Vegetables
Maharashtra,Nashik,Lasalgaon(Niphad),Other,Vegetables
Maharashtra,Nashik,Lasalgaon(Niphad),Other,Vegetables
Maharashtra,Nashik,Lasalgaon(Niphad),Other,Vegetables
Maharashtra,Nashik,Lasalgaon(Niphad),Other,Vegetables
Maharashtra,Nashik,Lasalgaon(Niphad),Other,Vegetables
Maharashtra,Nashik,Lasalgaon(Niphad),Other,Vegetables
Maharashtra,Nashik,Lasalgaon(Niphad),Other,Vegetables
Maharashtra,Nashik,Lasalgaon(Niphad),Other,Vegetables
Maharashtra,Nashik,Lasalgaon(Niphad),Other,Vegetables
Maharashtra,Nashik,Lasalgaon(Niphad),Other,Vegetables
Maharashtra,Nashik,Lasalgaon(Niphad),Other,Vegetables
Maharashtra,Nashik,Lasalgaon(Niphad),Other,Vegetables
Maharashtra,Nashik,Lasalgaon(Niphad),Other,Vegetables
Maharashtra,Nashik,Lasalgaon(Niphad),Other,Vegetables
Maharashtra,Nashik,Lasalgaon(Niphad),Other,Vegetables
Maharashtra,Nashik,Lasalgaon(Niphad),Other,Vegetables
Maharashtra,Nashik,Lasalgaon(Niphad),Other,Vegetables
Maharashtra,Nashik,Lasalgaon(Niphad),Other,Vegetables
Maharashtra,Nashik,Lasalgaon(Niphad),Red,Vegetables
Maharashtra,Nashik,Lasalgaon(Niphad),Red,Vegetables
Maharashtra,Nashik,Lasalgaon(Niphad),Red,Vegetables
Maharashtra,Nashik,Lasalgaon(Niphad),Red,Vegetables
Maharashtra,Nashik,Lasalgaon(Niphad),Red,Vegetables
Maharashtra,Nashik,Lasalgaon(Niphad),Red,Vegetables
Maharashtra,Nashik,Lasalgaon(Niphad),Red,Vegetables
Maharashtra,Nashik,Lasalgaon(Niphad),Red,Vegetables
Maharashtra,Nashik,Lasalgaon(Niphad),Red,Vegetables
Maharashtra,Nashik,Lasalgaon(Niphad),Red,Vegetables
Maharashtra,Nashik,Lasalgaon(Niphad),Red,Vegetables
Maharashtra,Nashik,Lasalgaon(Niphad),Red,Vegetables
Maharashtra,Nashik,Lasalgaon(Niphad),Red,Vegetables
Maharashtra,Nashik,Lasalgaon(Niphad),Red,Vegetables
Maharashtra,Nashik,Lasalgaon(Niphad),Red,Vegetables
Maharashtra,Nashik,Lasalgaon(Niphad),Red,Vegetables
Maharashtra,Nashik,Lasalgaon(Niphad),Red,Vegetables
Maharashtra,Nashik,Lasalgaon(Niphad),Red,Vegetables
Maharashtra,Nashik,Lasalgaon(Niphad),Red,Vegetables
Maharashtra,Nashik,Lasalgaon(Niphad),Red,Vegetables
Maharashtra,Nashik,Lasalgaon(Niphad),Red,Vegetables
Maharashtra,Nashik,Lasalgaon(Niphad),Red,Vegetables
Maharashtra,Nashik,Lasalgaon(Niphad),Red,Vegetables
Maharashtra,Nashik,Lasalgaon(Niphad),Red,Vegetables
Maharashtra,Nashik,Lasalgaon(Niphad),Red,Vegetables
Maharashtra,Nashik,Lasalgaon(Niphad),Red,Vegetables
Maharashtra,Nashik,Lasalgaon(Niphad),Red,Vegetables
Maharashtra,Nashik,Lasalgaon(Niphad),Red,Vegetables
Maharashtra,Nashik,Lasalgaon(Niphad),Red,Vegetables
Maharashtra,Nashik,Lasalgaon(Vinchur),Other,Vegetables
Maharashtra,Nashik,Lasalgaon(Vinchur),Other,Vegetables
Maharashtra,Nashik,Lasalgaon(Vinchur),Other,Vegetables
Maharashtra,Nashik,Lasalgaon(Vinchur),Other,Vegetables
Maharashtra,Nashik,Lasalgaon(Vinchur),Other,Vegetables
Maharashtra,Nashik,Lasalgaon(Vinchur),Other,Vegetables
Maharashtra,Nashik,Lasalgaon(Vinchur),Other,Vegetables
Maharashtra,Nashik,Lasalgaon(Vinchur),Other,Vegetables
Maharashtra,Nashik,Lasalgaon(Vinchur),Other,Vegetables
Maharashtra,Nashik,Lasalgaon(Vinchur),Red,Vegetables
Maharashtra,Nashik,Lasalgaon(Vinchur),Red,Vegetables
Maharashtra,Nashik,Lasalgaon(Vinchur),Red,Vegetables
Maharashtra,Nashik,Lasalgaon(Vinchur),Red,Vegetables
Maharashtra,Nashik,Lasalgaon(Vinchur),Red,Vegetables
Maharashtra,Nashik,Lasalgaon(Vinchur),Red,Vegetables
Maharashtra,Nashik,Lasalgaon(Vinchur),Red,Vegetables
Maharashtra,Nashik,Lasalgaon(Vinchur),Red,Vegetables
Maharashtra,Nashik,Lasalgaon(Vinchur),Red,Vegetables
Maharashtra,Nashik,Lasalgaon(Vinchur),Red,Vegetables
Maharashtra,Nashik,Lasalgaon(Vinchur),Red,Vegetables
Maharashtra,Nashik,Lasalgaon(Vinchur),Red,Vegetables
Maharashtra,Nashik,Lasalgaon(Vinchur),Red,Vegetables
Maharashtra,Nashik,Lasalgaon(Vinchur),Red,Vegetables
Maharashtra,Nashik,Lasalgaon(Vinchur),Red,Vegetables
Maharashtra,Nashik,Lasalgaon(Vinchur),Red,Vegetables
Maharashtra,Nashik,Lasalgaon(Vinchur),Red,Vegetables
Maharashtra,Nashik,Lasalgaon(Vinchur),Red,Vegetables
Maharashtra,Nashik,Lasalgaon(Vinchur),Red,Vegetables
Maharashtra,Nashik,Lasalgaon(Vinchur),Red,Vegetables
Maharashtra,Nashik,Lasalgaon(Vinchur),Red,Vegetables
Maharashtra,Nashik,Lasalgaon(Vinchur),Red,Vegetables
Maharashtra,Nashik,Lasalgaon(Vinchur),Red,Vegetables
Maharashtra,Nashik,Lasalgaon(Vinchur),Red,Vegetables
Maharashtra,Nashik,Lasalgaon(Vinchur),Red,Vegetables
Maharashtra,Nashik,Lasalgaon(Vinchur),Red,Vegetables
Maharashtra,Nashik,Lasalgaon(Vinchur),Red,Vegetables
Maharashtra,Nashik,Lasalgaon(Vinchur),Red,Vegetables
Maharashtra,Nashik,Lasalgaon(Vinchur),Red,Vegetables
Maharashtra,Nashik,Lasalgaon(Vinchur),Red,Vegetables
Maharashtra,Nashik,Lasalgaon(Vinchur),Red,Vegetables
Maharashtra,Nashik,Lasalgaon(Vinchur),Red,Vegetables
Maharashtra,Nashik,Manmad,Other,Vegetables
Maharashtra,Nashik,Manmad,Other,Vegetables
Maharashtra,Nashik,Manmad,Other,Vegetables
Maharashtra,Nashik,Manmad,Other,Vegetables
Maharashtra,Nashik,Manmad,Other,Vegetables
Maharashtra,Nashik,Manmad,Other,Vegetables
Maharashtra,Nashik,Manmad,Other,Vegetables
Maharashtra,Nashik,Manmad,Other,Vegetables
Maharashtra,Nashik,Manmad,Other,Vegetables
Maharashtra,Nashik,Manmad,Other,Vegetables
Maharashtra,Nashik,Manmad,Other,Vegetables
Maharashtra,Nashik,Manmad,Other,Vegetables
Maharashtra,Nashik,Manmad,Other,Vegetables
Maharashtra,Nashik,Manmad,Other,Vegetables
Maharashtra,Nashik,Manmad,Other,Vegetables
Maharashtra,Nashik,Manmad,Red,Vegetables
Maharashtra,Nashik,Manmad,Red,Vegetables
Maharashtra,Nashik,Manmad,Red,Vegetables
Maharashtra,Nashik,Manmad,Red,Vegetables
Maharashtra,Nashik,Manmad,Red,Vegetables
Maharashtra,Nashik,Manmad,Red,Vegetables
Maharashtra,Nashik,Manmad,Red,Vegetables
Maharashtra,Nashik,Manmad,Red,Vegetables
Maharashtra,Nashik,Manmad,Red,Vegetables
Maharashtra,Nashik,Manmad,Red,Vegetables
Maharashtra,Nashik,Manmad,Red,Vegetables
Maharashtra,Nashik,Manmad,Red,Vegetables
Maharashtra,Nashik,Manmad,Red,Vegetables
Maharashtra,Nashik,Manmad,Red,Vegetables
Maharashtra,Nashik,Manmad,Red,Vegetables
Maharashtra,Nashik,Manmad,Red,Vegetables
Maharashtra,Nashik,Manmad,Red,Vegetables
Maharashtra,Nashik,Manmad,Red,Vegetables
Maharashtra,Nashik,Manmad,Red,Vegetables
Maharashtra,Nashik,Manmad,Red,Vegetables
Maharashtra,Nashik,Manmad,Red,Vegetables
Maharashtra,Nashik,Manmad,Red,Vegetables
Maharashtra,Nashik,Manmad,Red,Vegetables
Maharashtra,Nashik,Manmad,Red,Vegetables
Maharashtra,Nashik,Manmad,Red,Vegetables
Maharashtra,Nashik,Manmad,Red,Vegetables
Maharashtra,Nashik,Nampur,Other,Vegetables
Maharashtra,Nashik,Nampur,Other,Vegetables
Maharashtra,Nashik,Nampur,Red,Vegetables
Maharashtra,Nashik,Nampur,Red,Vegetables
Maharashtra,Nashik,Nandgaon,Other,Vegetables
Maharashtra,Nashik,Nandgaon,Other,Vegetables
Maharashtra,Nashik,Nandgaon,Other,Vegetables
Maharashtra,Nashik,Nandgaon,Other,Vegetables
Maharashtra,Nashik,Nandgaon,Other,Vegetables
Maharashtra,Nashik,Nandgaon,Other,Vegetables
Maharashtra,Nashik,Nandgaon,Other,Vegetables
Maharashtra,Nashik,Nandgaon,Other,Vegetables
Maharashtra,Nashik,Nandgaon,Other,Vegetables
Maharashtra,Nashik,Nandgaon,Other,Vegetables
Maharashtra,Nashik,Nandgaon,Other,Vegetables
Maharashtra,Nashik,Nandgaon,Other,Vegetables
Maharashtra,Nashik,Nandgaon,Other,Vegetables
Maharashtra,Nashik,Nandgaon,Other,Vegetables
Maharashtra,Nashik,Nandgaon,Other,Vegetables
Maharashtra,Nashik,Nandgaon,Other,Vegetables
Maharashtra,Nashik,Nandgaon,Other,Vegetables
Maharashtra,Nashik,Nandgaon,Red,Vegetables
Maharashtra,Nashik,Nandgaon,Red,Vegetables
Maharashtra,Nashik,Nandgaon,Red,Vegetables
Maharashtra,Nashik,Nandgaon,Red,Vegetables
Maharashtra,Nashik,Nandgaon,Red,Vegetables
Maharashtra,Nashik,Nandgaon,Red,Vegetables
Maharashtra,Nashik,Nandgaon,Red,Vegetables
Maharashtra,Nashik,Nandgaon,Red,Vegetables
Maharashtra,Nashik,Nandgaon,Red,Vegetables
Maharashtra,Nashik,Nandgaon,Red,Vegetables
Maharashtra,Nashik,Nandgaon,Red,Vegetables
Maharashtra,Nashik,Nandgaon,Red,Vegetables
Maharashtra,Nashik,Nandgaon,Red,Vegetables
Maharashtra,Nashik,Nandgaon,Red,Vegetables
Maharashtra,Nashik,Nandgaon,Red,Vegetables
Maharashtra,Nashik,Nandgaon,Red,Vegetables
Maharashtra,Nashik,Nandgaon,Red,Vegetables
Maharashtra,Nashik,Nandgaon,Red,Vegetables
Maharashtra,Nashik,Nandgaon,Red,Vegetables
Maharashtra,Nashik,Nasik,Other,Vegetables
Maharashtra,Nashik,Nasik,Other,Vegetables
Maharashtra,Nashik,Nasik,Other,Vegetables
Maharashtra,Nashik,Nasik,Other,Vegetables
Maharashtra,Nashik,Nasik,Other,Vegetables
Maharashtra,Nashik,Nasik,Other,Vegetables
Maharashtra,Nashik,Nasik,Pole,Vegetables
Maharashtra,Nashik,Nasik,Pole,Vegetables
Maharashtra,Nashik,Nasik,Pole,Vegetables
Maharashtra,Nashik,Nasik,Pole,Vegetables
Maharashtra,Nashik,Nasik,Pole,Vegetables
Maharashtra,Nashik,Nasik,Pole,Vegetables
Maharashtra,Nashik,Nasik,Pole,Vegetables
Maharashtra,Nashik,Nasik,Pole,Vegetables
Maharashtra,Nashik,Nasik,Pole,Vegetables
Maharashtra,Nashik,Nasik,Pole,Vegetables
Maharashtra,Nashik,Nasik,Pole,Vegetables
Maharashtra,Nashik,Nasik,Pole,Vegetables
Maharashtra,Nashik,Nasik,Pole,Vegetables
Maharashtra,Nashik,Nasik,Pole,Vegetables
Maharashtra,Nashik,Nasik,Pole,Vegetables
Maharashtra,Nashik,Nasik,Pole,Vegetables
Maharashtra,Nashik,Nasik,Pole,Vegetables
Maharashtra,Nashik,Nasik,Pole,Vegetables
Maharashtra,Nashik,Nasik,Pole,Vegetables
Maharashtra,Nashik,Nasik,Pole,Vegetables
Maharashtra,Nashik,Nasik,Pole,Vegetables
Maharashtra,Nashik,Nasik,Pole,Vegetables
Maharashtra,Nashik,Nasik,Pole,Vegetables
Maharashtra,Nashik,Nasik,Pole,Vegetables
Maharashtra,Nashik,Nasik,Pole,Vegetables
Maharashtra,Nashik,Nasik,Pole,Vegetables
Maharashtra,Nashik,Nasik,Pole,Vegetables
Maharashtra,Nashik,Nasik,Pole,Vegetables
Maharashtra,Nashik,Nasik,Pole,Vegetables
Maharashtra,Nashik,Pimpalgaon,Other,Vegetables
Maharashtra,Nashik,Pimpalgaon,Other,Vegetables
Maharashtra,Nashik,Pimpalgaon,Other,Vegetables
Maharashtra,Nashik,Pimpalgaon,Other,Vegetables
Maharashtra,Nashik,Pimpalgaon,Other,Vegetables
Maharashtra,Nashik,Pimpalgaon,Other,Vegetables
Maharashtra,Nashik,Pimpalgaon,Other,Vegetables
Maharashtra,Nashik,Pimpalgaon,Other,Vegetables
Maharashtra,Nashik,Pimpalgaon,Other,Vegetables
Maharashtra,Nashik,Pimpalgaon,Other,Vegetables
Maharashtra,Nashik,Pimpalgaon,Other,Vegetables
Maharashtra,Nashik,Pimpalgaon,Other,Vegetables
Maharashtra,Nashik,Pimpalgaon,Other,Vegetables
Maharashtra,Nashik,Pimpalgaon,Other,Vegetables
Maharashtra,Nashik,Pimpalgaon,Other,Vegetables
Maharashtra,Nashik,Pimpalgaon,Other,Vegetables
Maharashtra,Nashik,Pimpalgaon,Other,Vegetables
Maharashtra,Nashik,Pimpalgaon,Other,Vegetables
Maharashtra,Nashik,Pimpalgaon,Other,Vegetables
Maharashtra,Nashik,Pimpalgaon,Other,Vegetables
Maharashtra,Nashik,Pimpalgaon,Other,Vegetables
Maharashtra,Nashik,Pimpalgaon,Other,Vegetables
Maharashtra,Nashik,Pimpalgaon,Other,Vegetables
Maharashtra,Nashik,Pimpalgaon,Other,Vegetables
Maharashtra,Nashik,Pimpalgaon,Other,Vegetables
Maharashtra,Nashik,Pimpalgaon,Other,Vegetables
Maharashtra,Nashik,Pimpalgaon,Other,Vegetables
Maharashtra,Nashik,Pimpalgaon,Other,Vegetables
Maharashtra,Nashik,Pimpalgaon,Other,Vegetables
Maharashtra,Nashik,Pimpalgaon,Other,Vegetables
Maharashtra,Nashik,Pimpalgaon,Other,Vegetables
Maharashtra,Nashik,Pimpalgaon,Pole,Vegetables
Maharashtra,Nashik,Pimpalgaon,Pole,Vegetables
Maharashtra,Nashik,Pimpalgaon,Pole,Vegetables
Maharashtra,Nashik,Pimpalgaon,Pole,Vegetables
Maharashtra,Nashik,Pimpalgaon,Pole,Vegetables
Maharashtra,Nashik,Pimpalgaon,Pole,Vegetables
Maharashtra,Nashik,Pimpalgaon,Pole,Vegetables
Maharashtra,Nashik,Pimpalgaon,Pole,Vegetables
Maharashtra,Nashik,Pimpalgaon,Pole,Vegetables
Maharashtra,Nashik,Pimpalgaon,Pole,Vegetables
Maharashtra,Nashik,Pimpalgaon,Pole,Vegetables
Maharashtra,Nashik,Pimpalgaon,Pole,Vegetables
Maharashtra,Nashik,Pimpalgaon,Pole,Vegetables
Maharashtra,Nashik,Pimpalgaon,Pole,Vegetables
Maharashtra,Nashik,Pimpalgaon,Pole,Vegetables
Maharashtra,Nashik,Pimpalgaon,Pole,Vegetables
Maharashtra,Nashik,Pimpalgaon,Pole,Vegetables
Maharashtra,Nashik,Pimpalgaon,Pole,Vegetables
Maharashtra,Nashik,Pimpalgaon,Pole,Vegetables
Maharashtra,Nashik,Pimpalgaon,Pole,Vegetables
Maharashtra,Nashik,Pimpalgaon,Pole,Vegetables
Maharashtra,Nashik,Pimpalgaon,Pole,Vegetables
Maharashtra,Nashik,Pimpalgaon,Pole,Vegetables
Maharashtra,Nashik,Pimpalgaon,Pole,Vegetables
Maharashtra,Nashik,Pimpalgaon,Pole,Vegetables
Maharashtra,Nashik,Pimpalgaon,Pole,Vegetables
Maharashtra,Nashik,Pimpalgaon,Pole,Vegetables
Maharashtra,Nashik,Pimpalgaon,Pole,Vegetables
Maharashtra,Nashik,Pimpalgaon,Pole,Vegetables
Maharashtra,Nashik,Pimpalgaon,Pole,Vegetables
Maharashtra,Nashik,Pimpalgaon,Pole,Vegetables
Maharashtra,Nashik,Pimpalgaon Baswant(Saykheda),Other,Vegetables
Maharashtra,Nashik,Pimpalgaon Baswant(Saykheda),Other,Vegetables
Maharashtra,Nashik,Pimpalgaon Baswant(Saykheda),Other,Vegetables
Maharashtra,Nashik,Pimpalgaon Baswant(Saykheda),Other,Vegetables
Maharashtra,Nashik,Pimpalgaon Baswant(Saykheda),Other,Vegetables
Maharashtra,Nashik,Pimpalgaon Baswant(Saykheda),Other,Vegetables
Maharashtra,Nashik,Pimpalgaon Baswant(Saykheda),Other,Vegetables
Maharashtra,Nashik,Pimpalgaon Baswant(Saykheda),Other,Vegetables
Maharashtra,Nashik,Pimpalgaon Baswant(Saykheda),Other,Vegetables
Maharashtra,Nashik,Pimpalgaon Baswant(Saykheda),Other,Vegetables
Maharashtra,Nashik,Pimpalgaon Baswant(Saykheda),Other,Vegetables
Maharashtra,Nashik,Pimpalgaon Baswant(Saykheda),Other,Vegetables
Maharashtra,Nashik,Pimpalgaon Baswant(Saykheda),Other,Vegetables
Maharashtra,Nashik,Pimpalgaon Baswant(Saykheda),Other,Vegetables
Maharashtra,Nashik,Pimpalgaon Baswant(Saykheda),Other,Vegetables
Maharashtra,Nashik,Pimpalgaon Baswant(Saykheda),Other,Vegetables
Maharashtra,Nashik,Pimpalgaon Baswant(Saykheda),Other,Vegetables
Maharashtra,Nashik,Pimpalgaon Baswant(Saykheda),Other,Vegetables
Maharashtra,Nashik,Pimpalgaon Baswant(Saykheda),Other,Vegetables
Maharashtra,Nashik,Pimpalgaon Baswant(Saykheda),Other,Vegetables
Maharashtra,Nashik,Pimpalgaon Baswant(Saykheda),Other,Vegetables
Maharashtra,Nashik,Pimpalgaon Baswant(Saykheda),Other,Vegetables
Maharashtra,Nashik,Pimpalgaon Baswant(Saykheda),Other,Vegetables
Maharashtra,Nashik,Pimpalgaon Baswant(Saykheda),Other,Vegetables
Maharashtra,Nashik,Pimpalgaon Baswant(Saykheda),Red,Vegetables
Maharashtra,Nashik,Pimpalgaon Baswant(Saykheda),Red,Vegetables
Maharashtra,Nashik,Pimpalgaon Baswant(Saykheda),Red,Vegetables
Maharashtra,Nashik,Pimpalgaon Baswant(Saykheda),Red,Vegetables
Maharashtra,Nashik,Pimpalgaon Baswant(Saykheda),Red,Vegetables
Maharashtra,Nashik,Pimpalgaon Baswant(Saykheda),Red,Vegetables
Maharashtra,Nashik,Pimpalgaon Baswant(Saykheda),Red,Vegetables
Maharashtra,Nashik,Pimpalgaon Baswant(Saykheda),Red,Vegetables
Maharashtra,Nashik,Pimpalgaon Baswant(Saykheda),Red,Vegetables
Maharashtra,Nashik,Pimpalgaon Baswant(Saykheda),Red,Vegetables
Maharashtra,Nashik,Pimpalgaon Baswant(Saykheda),Red,Vegetables
Maharashtra,Nashik,Pimpalgaon Baswant(Saykheda),Red,Vegetables
Maharashtra,Nashik,Pimpalgaon Baswant(Saykheda),Red,Vegetables
Maharashtra,Nashik,Pimpalgaon Baswant(Saykheda),Red,Vegetables
Maharashtra,Nashik,Pimpalgaon Baswant(Saykheda),Red,Vegetables
Maharashtra,Nashik,Pimpalgaon Baswant(Saykheda),Red,Vegetables
Maharashtra,Nashik,Pimpalgaon Baswant(Saykheda),Red,Vegetables
Maharashtra,Nashik,Pimpalgaon Baswant(Saykheda),Red,Vegetables
Maharashtra,Nashik,Pimpalgaon Baswant(Saykheda),Red,Vegetables
Maharashtra,Nashik,Pimpalgaon Baswant(Saykheda),Red,Vegetables
Maharashtra,Nashik,Pimpalgaon Baswant(Saykheda),Red,Vegetables
Maharashtra,Nashik,Pimpalgaon Baswant(Saykheda),Red,Vegetables
Maharashtra,Nashik,Pimpalgaon Baswant(Saykheda),Red,Vegetables
Maharashtra,Nashik,Pimpalgaon Baswant(Saykheda),Red,Vegetables
Maharashtra,Nashik,Satana,Other,Vegetables
Maharashtra,Nashik,Satana,Other,Vegetables
Maharashtra,Nashik,Satana,Other,Vegetables
Maharashtra,Nashik,Satana,Other,Vegetables
Maharashtra,Nashik,Satana,Other,Vegetables
Maharashtra,Nashik,Satana,Other,Vegetables
Maharashtra,Nashik,Satana,Other,Vegetables
Maharashtra,Nashik,Satana,Other,Vegetables
Maharashtra,Nashik,Satana,Other,Vegetables
Maharashtra,Nashik,Satana,Other,Vegetables
Maharashtra,Nashik,Satana,Other,Vegetables
Maharashtra,Nashik,Satana,Other,Vegetables
Maharashtra,Nashik,Satana,Other,Vegetables
Maharashtra,Nashik,Satana,Other,Vegetables
Maharashtra,Nashik,Satana,Other,Vegetables
Maharashtra,Nashik,Satana,Red,Vegetables
Maharashtra,Nashik,Satana,Red,Vegetables
Maharashtra,Nashik,Satana,Red,Vegetables
Maharashtra,Nashik,Satana,Red,Vegetables
Maharashtra,Nashik,Satana,Red,Vegetables
Maharashtra,Nashik,Satana,Red,Vegetables
Maharashtra,Nashik,Satana,Red,Vegetables
Maharashtra,Nashik,Satana,Red,Vegetables
Maharashtra,Nashik,Satana,Red,Vegetables
Maharashtra,Nashik,Satana,Red,Vegetables
Maharashtra,Nashik,Satana,Red,Vegetables
Maharashtra,Nashik,Satana,Red,Vegetables
Maharashtra,Nashik,Satana,Red,Vegetables
Maharashtra,Nashik,Satana,Red,Vegetables
Maharashtra,Nashik,Satana,Red,Vegetables
Maharashtra,Nashik,Satana,Red,Vegetables
Maharashtra,Nashik,Satana,Red,Vegetables
Maharashtra,Nashik,Satana,Red,Vegetables
Maharashtra,Nashik,Satana,Red,Vegetables
Maharashtra,Nashik,Satana,Red,Vegetables
Maharashtra,Nashik,Sinner,Other,Vegetables
Maharashtra,Nashik,Sinner,Other,Vegetables
Maharashtra,Nashik,Sinner,Other,Vegetables
Maharashtra,Nashik,Sinner,Other,Vegetables
Maharashtra,Nashik,Sinner,Other,Vegetables
Maharashtra,Nashik,Sinner,Other,Vegetables
Maharashtra,Nashik,Sinner,Other,Vegetables
Maharashtra,Nashik,Sinner,Other,Vegetables
Maharashtra,Nashik,Sinner,Other,Vegetables
Maharashtra,Nashik,Sinner,Other,Vegetables
Maharashtra,Nashik,Sinner,Other,Vegetables
Maharashtra,Nashik,Sinner,Other,Vegetables
Maharashtra,Nashik,Sinner,Other,Vegetables
Maharashtra,Nashik,Sinner,Other,Vegetables
Maharashtra,Nashik,Sinner,Other,Vegetables
Maharashtra,Nashik,Sinner,Other,Vegetables
Maharashtra,Nashik,Sinner,Other,Vegetables
Maharashtra,Nashik,Sinner,Other,Vegetables
Maharashtra,Nashik,Sinner,Other,Vegetables
Maharashtra,Nashik,Sinner,Other,Vegetables
Maharashtra,Nashik,Sinner,Other,Vegetables
Maharashtra,Nashik,Sinner,Other,Vegetables
Maharashtra,Nashik,Sinner,Other,Vegetables
Maharashtra,Nashik,Sinner,Other,Vegetables
Maharashtra,Nashik,Sinner,Red,Vegetables
Maharashtra,Nashik,Sinner,Red,Vegetables
Maharashtra,Nashik,Sinner,Red,Vegetables
Maharashtra,Nashik,Sinner,Red,Vegetables
Maharashtra,Nashik,Sinner,Red,Vegetables
Maharashtra,Nashik,Sinner,Red,Vegetables
Maharashtra,Nashik,Sinner,Red,Vegetables
Maharashtra,Nashik,Sinner,Red,Vegetables
Maharashtra,Nashik,Sinner,Red,Vegetables
Maharashtra,Nashik,Sinner,Red,Vegetables
Maharashtra,Nashik,Sinner,Red,Vegetables
Maharashtra,Nashik,Sinner,Red,Vegetables
Maharashtra,Nashik,Sinner,Red,Vegetables
Maharashtra,Nashik,Sinner,Red,Vegetables
Maharashtra,Nashik,Sinner,Red,Vegetables
Maharashtra,Nashik,Sinner,Red,Vegetables
Maharashtra,Nashik,Sinner,Red,Vegetables
Maharashtra,Nashik,Sinner,Red,Vegetables
Maharashtra,Nashik,Sinner,Red,Vegetables
Maharashtra,Nashik,Sinner,Red,Vegetables
Maharashtra,Nashik,Sinner,Red,Vegetables
Maharashtra,Nashik,Sinner,Red,Vegetables
Maharashtra,Nashik,Sinner,Red,Vegetables
Maharashtra,Nashik,Sinner,Red,Vegetables
Maharashtra,Nashik,Sinner,Red,Vegetables
Maharashtra,Nashik,Sinner,Red,Vegetables
Maharashtra,Nashik,Umrane,Other,Vegetables
Maharashtra,Nashik,Umrane,Other,Vegetables
Maharashtra,Nashik,Umrane,Other,Vegetables
Maharashtra,Nashik,Umrane,Other,Vegetables
Maharashtra,Nashik,Umrane,Other,Vegetables
Maharashtra,Nashik,Umrane,Other,Vegetables
Maharashtra,Nashik,Umrane,Other,Vegetables
Maharashtra,Nashik,Umrane,Other,Vegetables
Maharashtra,Nashik,Umrane,Other,Vegetables
Maharashtra,Nashik,Umrane,Other,Vegetables
Maharashtra,Nashik,Umrane,Red,Vegetables
Maharashtra,Nashik,Umrane,Red,Vegetables
Maharashtra,Nashik,Umrane,Red,Vegetables
Maharashtra,Nashik,Umrane,Red,Vegetables
Maharashtra,Nashik,Umrane,Red,Vegetables
Maharashtra,Nashik,Umrane,Red,Vegetables
Maharashtra,Nashik,Umrane,Red,Vegetables
Maharashtra,Nashik,Umrane,Red,Vegetables
Maharashtra,Nashik,Umrane,Red,Vegetables
Maharashtra,Nashik,Umrane,Red,Vegetables
Maharashtra,Nashik,Umrane,Red,Vegetables
Maharashtra,Nashik,Umrane,Red,Vegetables
Maharashtra,Nashik,Yeola,Other,Vegetables
Maharashtra,Nashik,Yeola,Other,Vegetables
Maharashtra,Nashik,Yeola,Other,Vegetables
Maharashtra,Nashik,Yeola,Other,Vegetables
Maharashtra,Nashik,Yeola,Other,Vegetables
Maharashtra,Nashik,Yeola,Other,Vegetables
Maharashtra,Nashik,Yeola,Other,Vegetables
Maharashtra,Nashik,Yeola,Red,Vegetables
Maharashtra,Nashik,Yeola,Red,Vegetables
Maharashtra,Nashik,Yeola,Red,Vegetables
Maharashtra,Nashik,Yeola,Red,Vegetables
Maharashtra,Nashik,Yeola,Red,Vegetables
Maharashtra,Nashik,Yeola,Red,Vegetables
Maharashtra,Nashik,Yeola,Red,Vegetables
Maharashtra,Nashik,Yeola,Red,Vegetables
Maharashtra,Nashik,Yeola,Red,Vegetables
Maharashtra,Nashik,Yeola,Red,Vegetables
Maharashtra,Nashik,Yeola,Red,Vegetables
Maharashtra,Nashik,Yeola,Red,Vegetables
Maharashtra,Nashik,Yeola,Red,Vegetables
Maharashtra,Nashik,Yeola,Red,Vegetables
Maharashtra,Nashik,Yeola,Red,Vegetables
Maharashtra,Nashik,Yeola,Red,Vegetables
Maharashtra,Nashik,Yeola,Red,Vegetables
Maharashtra,Nashik,Yeola,Red,Vegetables
Maharashtra,Nashik,Yeola,Red,Vegetables
Maharashtra,Nashik,Yeola,Red,Vegetables
Maharashtra,Nashik,Yeola,Red,Vegetables
Maharashtra,Pune,Indapur,Red,Vegetables
Maharashtra,Pune,Junnar,Other,Vegetables
Maharashtra,Pune,Junnar,Other,Vegetables
Maharashtra,Pune,Junnar,Other,Vegetables
Maharashtra,Pune,Junnar,Other,Vegetables
Maharashtra,Pune,Junnar,Other,Vegetables
Maharashtra,Pune,Junnar,Other,Vegetables
Maharashtra,Pune,Junnar,Other,Vegetables
Maharashtra,Pune,Junnar,Other,Vegetables
Maharashtra,Pune,Junnar,Other,Vegetables
Maharashtra,Pune,Junnar(Alephata),Other,Vegetables
Maharashtra,Pune,Junnar(Alephata),Other,Vegetables
Maharashtra,Pune,Junnar(Alephata),Other,Vegetables
Maharashtra,Pune,Junnar(Alephata),Other,Vegetables
Maharashtra,Pune,Junnar(Alephata),Other,Vegetables
Maharashtra,Pune,Junnar(Alephata),Other,Vegetables
Maharashtra,Pune,Junnar(Alephata),Other,Vegetables
Maharashtra,Pune,Junnar(Alephata),Other,Vegetables
Maharashtra,Pune,Junnar(Alephata),Other,Vegetables
Maharashtra,Pune,Junnar(Alephata),Other,Vegetables
Maharashtra,Pune,Junnar(Alephata),Other,Vegetables
Maharashtra,Pune,Junnar(Alephata),Other,Vegetables
Maharashtra,Pune,Junnar(Alephata),Other,Vegetables
Maharashtra,Pune,Junnar(Alephata),Other,Vegetables
Maharashtra,Pune,Junnar(Otur),Other,Vegetables
Maharashtra,Pune,Junnar(Otur),Other,Vegetables
Maharashtra,Pune,Khed(Chakan),Other,Vegetables
Maharashtra,Pune,Khed(Chakan),Other,Vegetables
Maharashtra,Pune,Khed(Chakan),Other,Vegetables
Maharashtra,Pune,Khed(Chakan),Other,Vegetables
Maharashtra,Pune,Khed(Chakan),Other,Vegetables
Maharashtra,Pune,Khed(Chakan),Other,Vegetables
Maharashtra,Pune,Khed(Chakan),Other,Vegetables
Maharashtra,Pune,Khed(Chakan),Other,Vegetables
Maharashtra,Pune,Khed(Chakan),Other,Vegetables
Maharashtra,Pune,Khed(Chakan),Other,Vegetables
Maharashtra,Pune,Khed(Chakan),Other,Vegetables
Maharashtra,Pune,Khed(Chakan),Other,Vegetables
Maharashtra,Pune,Khed(Chakan),Other,Vegetables
Maharashtra,Pune,Khed(Chakan),Other,Vegetables
Maharashtra,Pune,Khed(Chakan),Other,Vegetables
Maharashtra,Pune,Khed(Chakan),Other,Vegetables
Maharashtra,Pune,Khed(Chakan),Other,Vegetables
Maharashtra,Pune,Khed(Chakan),Other,Vegetables
Maharashtra,Pune,Khed(Chakan),Other,Vegetables
Maharashtra,Pune,Khed(Chakan),Other,Vegetables
Maharashtra,Pune,Khed(Chakan),Other,Vegetables
Maharashtra,Pune,Khed(Chakan),Other,Vegetables
Maharashtra,Pune,Manchar,Other,Vegetables
Maharashtra,Pune,Manchar,Other,Vegetables
Maharashtra,Pune,Manchar,Other,Vegetables
Maharashtra,Pune,Manchar,Other,Vegetables
Maharashtra,Pune,Manchar,Other,Vegetables
Maharashtra,Pune,Manchar,Other,Vegetables
Maharashtra,Pune,Manchar,Other,Vegetables
Maharashtra,Pune,Manchar,Other,Vegetables
Maharashtra,Pune,Manchar,Other,Vegetables
Maharashtra,Pune,Manchar,Other,Vegetables
Maharashtra,Pune,Manchar,Other,Vegetables
Maharashtra,Pune,Manchar,Other,Vegetables
Maharashtra,Pune,Manchar,Other,Vegetables
Maharashtra,Pune,Manchar,Other,Vegetables
Maharashtra,Pune,Manchar,Other,Vegetables
Maharashtra,Pune,Manchar,Other,Vegetables
Maharashtra,Pune,Manchar,Other,Vegetables
Maharashtra,Pune,Manchar,Other,Vegetables
Maharashtra,Pune,Manchar,Other,Vegetables
Maharashtra,Pune,Manchar,Other,Vegetables
Maharashtra,Pune,Manchar,Other,Vegetables
Maharashtra,Pune,Manchar,Other,Vegetables
Maharashtra,Pune,Manchar,Other,Vegetables
Maharashtra,Pune,Manchar,Other,Vegetables
Maharashtra,Pune,Manchar,Other,Vegetables
Maharashtra,Pune,Manchar,Other,Vegetables
Maharashtra,Pune,Pune,Local,Vegetables
Maharashtra,Pune,Pune,Local,Vegetables
Maharashtra,Pune,Pune,Local,Vegetables
Maharashtra,Pune,Pune,Local,Vegetables
Maharashtra,Pune,Pune,Local,Vegetables
Maharashtra,Pune,Pune,Local,Vegetables
Maharashtra,Pune,Pune,Local,Vegetables
Maharashtra,Pune,Pune,Local,Vegetables
Maharashtra,Pune,Pune,Local,Vegetables
Maharashtra,Pune,Pune,Local,Vegetables
Maharashtra,Pune,Pune,Local,Vegetables
Maharashtra,Pune,Pune,Local,Vegetables
Maharashtra,Pune,Pune,Local,Vegetables
Maharashtra,Pune,Pune,Local,Vegetables
Maharashtra,Pune,Pune,Local,Vegetables
Maharashtra,Pune,Pune,Local,Vegetables
Maharashtra,Pune,Pune,Local,Vegetables
Maharashtra,Pune,Pune,Local,Vegetables
Maharashtra,Pune,Pune,Local,Vegetables
Maharashtra,Pune,Pune,Local,Vegetables
Maharashtra,Pune,Pune,Local,Vegetables
Maharashtra,Pune,Pune,Local,Vegetables
Maharashtra,Pune,Pune,Local,Vegetables
Maharashtra,Pune,Pune,Local,Vegetables
Maharashtra,Pune,Pune,Local,Vegetables
Maharashtra,Pune,Pune,Local,Vegetables
Maharashtra,Pune,Pune,Local,Vegetables
Maharashtra,Pune,Pune,Local,Vegetables
Maharashtra,Pune,Pune,Local,Vegetables
Maharashtra,Pune,Pune,Local,Vegetables
Maharashtra,Pune,Pune,Local,Vegetables
Maharashtra,Pune,Pune,Local,Vegetables
Maharashtra,Pune,Pune,Local,Vegetables
Maharashtra,Pune,Pune,Local,Vegetables
Maharashtra,Pune,Pune,Local,Vegetables
Maharashtra,Pune,Pune,Local,Vegetables
Maharashtra,Pune,Pune,Local,Vegetables
Maharashtra,Pune,Pune(Khadiki),Local,Vegetables
Maharashtra,Pune,Pune(Khadiki),Local,Vegetables
Maharashtra,Pune,Pune(Khadiki),Local,Vegetables
Maharashtra,Pune,Pune(Khadiki),Local,Vegetables
Maharashtra,Pune,Pune(Khadiki),Local,Vegetables
Maharashtra,Pune,Pune(Khadiki),Local,Vegetables
Maharashtra,Pune,Pune(Khadiki),Local,Vegetables
Maharashtra,Pune,Pune(Khadiki),Local,Vegetables
Maharashtra,Pune,Pune(Khadiki),Local,Vegetables
Maharashtra,Pune,Pune(Khadiki),Local,Vegetables
Maharashtra,Pune,Pune(Khadiki),Local,Vegetables
Maharashtra,Pune,Pune(Khadiki),Local,Vegetables
Maharashtra,Pune,Pune(Khadiki),Local,Vegetables
Maharashtra,Pune,Pune(Khadiki),Local,Vegetables
Maharashtra,Pune,Pune(Khadiki),Local,Vegetables
Maharashtra,Pune,Pune(Khadiki),Local,Vegetables
Maharashtra,Pune,Pune(Khadiki),Local,Vegetables
Maharashtra,Pune,Pune(Khadiki),Local,Vegetables
Maharashtra,Pune,Pune(Khadiki),Local,Vegetables
Maharashtra,Pune,Pune(Khadiki),Local,Vegetables
Maharashtra,Pune,Pune(Khadiki),Local,Vegetables
Maharashtra,Pune,Pune(Khadiki),Local,Vegetables
Maharashtra,Pune,Pune(Khadiki),Local,Vegetables
Maharashtra,Pune,Pune(Khadiki),Local,Vegetables
Maharashtra,Pune,Pune(Manjri),Local,Vegetables
Maharashtra,Pune,Pune(Manjri),Local,Vegetables
Maharashtra,Pune,Pune(Manjri),Local,Vegetables
Maharashtra,Pune,Pune(Manjri),Local,Vegetables
Maharashtra,Pune,Pune(Manjri),Local,Vegetables
Maharashtra,Pune,Pune(Manjri),Local,Vegetables
Maharashtra,Pune,Pune(Manjri),Local,Vegetables
Maharashtra,Pune,Pune(Manjri),Local,Vegetables
Maharashtra,Pune,Pune(Manjri),Local,Vegetables
Maharashtra,Pune,Pune(Manjri),Local,Vegetables
Maharashtra,Pune,Pune(Manjri),Local,Vegetables
Maharashtra,Pune,Pune(Manjri),Local,Vegetables
Maharashtra,Pune,Pune(Manjri),Local,Vegetables
Maharashtra,Pune,Pune(Manjri),Local,Vegetables
Maharashtra,Pune,Pune(Manjri),Local,Vegetables
Maharashtra,Pune,Pune(Manjri),Local,Vegetables
Maharashtra,Pune,Pune(Manjri),Local,Vegetables
Maharashtra,Pune,Pune(Manjri),Local,Vegetables
Maharashtra,Pune,Pune(Manjri),Local,Vegetables
Maharashtra,Pune,Pune(Manjri),Local,Vegetables
Maharashtra,Pune,Pune(Manjri),Local,Vegetables
Maharashtra,Pune,Pune(Manjri),Local,Vegetables
Maharashtra,Pune,Pune(Moshi),Local,Vegetables
Maharashtra,Pune,Pune(Moshi),Local,Vegetables
Maharashtra,Pune,Pune(Moshi),Local,Vegetables
Maharashtra,Pune,Pune(Moshi),Local,Vegetables
Maharashtra,Pune,Pune(Moshi),Local,Vegetables
Maharashtra,Pune,Pune(Moshi),Local,Vegetables
Maharashtra,Pune,Pune(Moshi),Local,Vegetables
Maharashtra,Pune,Pune(Moshi),Local,Vegetables
Maharashtra,Pune,Pune(Moshi),Local,Vegetables
Maharashtra,Pune,Pune(Moshi),Local,Vegetables
Maharashtra,Pune,Pune(Moshi),Local,Vegetables
Maharashtra,Pune,Pune(Moshi),Local,Vegetables
Maharashtra,Pune,Pune(Moshi),Local,Vegetables
Maharashtra,Pune,Pune(Moshi),Local,Vegetables
Maharashtra,Pune,Pune(Moshi),Local,Vegetables
Maharashtra,Pune,Pune(Moshi),Local,Vegetables
Maharashtra,Pune,Pune(Moshi),Local,Vegetables
Maharashtra,Pune,Pune(Moshi),Local,Vegetables
Maharashtra,Pune,Pune(Moshi),Local,Vegetables
Maharashtra,Pune,Pune(Moshi),Local,Vegetables
Maharashtra,Pune,Pune(Moshi),Local,Vegetables
Maharashtra,Pune,Pune(Moshi),Local,Vegetables
Maharashtra,Pune,Pune(Moshi),Local,Vegetables
Maharashtra,Pune,Pune(Moshi),Local,Vegetables
Maharashtra,Pune,Pune(Moshi),Local,Vegetables
Maharashtra,Pune,Pune(Moshi),Local,Vegetables
Maharashtra,Pune,Pune(Moshi),Local,Vegetables
Maharashtra,Pune,Pune(Moshi),Local,Vegetables
Maharashtra,Pune,Pune(Moshi),Local,Vegetables
Maharashtra,Pune,Pune(Moshi),Local,Vegetables
Maharashtra,Pune,Pune(Moshi),Local,Vegetables
Maharashtra,Pune,Pune(Moshi),Local,Vegetables
Maharashtra,Pune,Pune(Moshi),Local,Vegetables
Maharashtra,Pune,Pune(Moshi),Local,Vegetables
Maharashtra,Pune,Pune(Moshi),Local,Vegetables
Maharashtra,Pune,Pune(Moshi),Local,Vegetables
Maharashtra,Pune,Pune(Pimpri),Local,Vegetables
Maharashtra,Pune,Pune(Pimpri),Local,Vegetables
Maharashtra,Pune,Pune(Pimpri),Local,Vegetables
Maharashtra,Pune,Pune(Pimpri),Local,Vegetables
Maharashtra,Pune,Pune(Pimpri),Local,Vegetables
Maharashtra,Pune,Pune(Pimpri),Local,Vegetables
Maharashtra,Pune,Pune(Pimpri),Local,Vegetables
Maharashtra,Pune,Pune(Pimpri),Local,Vegetables
Maharashtra,Pune,Pune(Pimpri),Local,Vegetables
Maharashtra,Pune,Pune(Pimpri),Local,Vegetables
Maharashtra,Pune,Pune(Pimpri),Local,Vegetables
Maharashtra,Pune,Pune(Pimpri),Local,Vegetables
Maharashtra,Pune,Pune(Pimpri),Local,Vegetables
Maharashtra,Pune,Pune(Pimpri),Local,Vegetables
Maharashtra,Pune,Pune(Pimpri),Local,Vegetables
Maharashtra,Pune,Pune(Pimpri),Local,Vegetables
Maharashtra,Pune,Pune(Pimpri),Local,Vegetables
Maharashtra,Pune,Pune(Pimpri),Local,Vegetables
Maharashtra,Pune,Pune(Pimpri),Local,Vegetables
Maharashtra,Pune,Pune(Pimpri),Local,Vegetables
Maharashtra,Pune,Pune(Pimpri),Local,Vegetables
Maharashtra,Pune,Pune(Pimpri),Local,Vegetables
Maharashtra,Pune,Pune(Pimpri),Local,Vegetables
Maharashtra,Pune,Pune(Pimpri),Local,Vegetables
Maharashtra,Raigad,Karjat(Raigad),1st Sort,Vegetables
Maharashtra,Raigad,Karjat(Raigad),1st Sort,Vegetables
Maharashtra,Raigad,Karjat(Raigad),1st Sort,Vegetables
Maharashtra,Raigad,Karjat(Raigad),1st Sort,Vegetables
Maharashtra,Raigad,Karjat(Raigad),1st Sort,Vegetables
Maharashtra,Raigad,Karjat(Raigad),2nd Sort,Vegetables
Maharashtra,Raigad,Karjat(Raigad),2nd Sort,Vegetables
Maharashtra,Raigad,Karjat(Raigad),2nd Sort,Vegetables
Maharashtra,Raigad,Karjat(Raigad),2nd Sort,Vegetables
Maharashtra,Raigad,Karjat(Raigad),2nd Sort,Vegetables
Maharashtra,Raigad,Karjat(Raigad),2nd Sort,Vegetables
Maharashtra,Raigad,Karjat(Raigad),2nd Sort,Vegetables
Maharashtra,Raigad,Karjat(Raigad),2nd Sort,Vegetables
Maharashtra,Raigad,Pen,Red,Vegetables
Maharashtra,Raigad,Pen,Red,Vegetables
Maharashtra,Raigad,Pen,Red,Vegetables
Maharashtra,Raigad,Pen,Red,Vegetables
Maharashtra,Sangli,"Sangli(Phale, Bhajipura Market)",Local,Vegetables
Maharashtra,Sangli,"Sangli(Phale, Bhajipura Market)",Local,Vegetables
Maharashtra,Sangli,"Sangli(Phale, Bhajipura Market)",Local,Vegetables
Maharashtra,Sangli,"Sangli(Phale, Bhajipura Market)",Local,Vegetables
Maharashtra,Sangli,"Sangli(Phale, Bhajipura Market)",Local,Vegetables
Maharashtra,Sangli,"Sangli(Phale, Bhajipura Market)",Local,Vegetables
Maharashtra,Sangli,"Sangli(Phale, Bhajipura Market)",Local,Vegetables
Maharashtra,Sangli,"Sangli(Phale, Bhajipura Market)",Local,Vegetables
Maharashtra,Sangli,"Sangli(Phale, Bhajipura Market)",Local,Vegetables
Maharashtra,Sangli,"Sangli(Phale, Bhajipura Market)",Local,Vegetables
Maharashtra,Sangli,"Sangli(Phale, Bhajipura Market)",Local,Vegetables
Maharashtra,Sangli,"Sangli(Phale, Bhajipura Market)",Local,Vegetables
Maharashtra,Sangli,"Sangli(Phale, Bhajipura Market)",Local,Vegetables
Maharashtra,Sangli,"Sangli(Phale, Bhajipura Market)",Local,Vegetables
Maharashtra,Sangli,"Sangli(Phale, Bhajipura Market)",Local,Vegetables
Maharashtra,Sangli,"Sangli(Phale, Bhajipura Market)",Local,Vegetables
Maharashtra,Sangli,"Sangli(Phale, Bhajipura Market)",Local,Vegetables
Maharashtra,Sangli,"Sangli(Phale, Bhajipura Market)",Local,Vegetables
Maharashtra,Sangli,"Sangli(Phale, Bhajipura Market)",Local,Vegetables
Maharashtra,Sangli,"Sangli(Phale, Bhajipura Market)",Local,Vegetables
Maharashtra,Sangli,"Sangli(Phale, Bhajipura Market)",Local,Vegetables
Maharashtra,Sangli,"Sangli(Phale, Bhajipura Market)",Local,Vegetables
Maharashtra,Sangli,"Sangli(Phale, Bhajipura Market)",Local,Vegetables
Maharashtra,Sangli,"Sangli(Phale, Bhajipura Market)",Local,Vegetables
Maharashtra,Sangli,"Sangli(Phale, Bhajipura Market)",Local,Vegetables
Maharashtra,Sangli,"Sangli(Phale, Bhajipura Market)",Local,Vegetables
Maharashtra,Sangli,"Sangli(Phale, Bhajipura Market)",Local,Vegetables
Maharashtra,Sangli,"Sangli(Phale, Bhajipura Market)",Local,Vegetables
Maharashtra,Sangli,"Sangli(Phale, Bhajipura Market)",Local,Vegetables
Maharashtra,Sangli,"Sangli(Phale, Bhajipura Market)",Local,Vegetables
Maharashtra,Sangli,"Sangli(Phale, Bhajipura Market)",Local,Vegetables
Maharashtra,Sangli,"Sangli(Phale, Bhajipura Market)",Local,Vegetables
Maharashtra,Sangli,"Sangli(Phale, Bhajipura Market)",Local,Vegetables
Maharashtra,Sangli,Vita,Other,Vegetables
Maharashtra,Sangli,Vita,Other,Vegetables
Maharashtra,Sangli,Vita,Other,Vegetables
Maharashtra,Sangli,Vita,Other,Vegetables
Maharashtra,Sangli,Vita,Other,Vegetables
Maharashtra,Sangli,Vita,Other,Vegetables
Maharashtra,Satara,Karad,Other,Vegetables
Maharashtra,Satara,Karad,Other,Vegetables
Maharashtra,Satara,Karad,Other,Vegetables
Maharashtra,Satara,Karad,Other,Vegetables
Maharashtra,Satara,Karad,Other,Vegetables
Maharashtra,Satara,Karad,Other,Vegetables
Maharashtra,Satara,Karad,Other,Vegetables
Maharashtra,Satara,Karad,Other,Vegetables
Maharashtra,Satara,Karad,Other,Vegetables
Maharashtra,Satara,Karad,Other,Vegetables
Maharashtra,Satara,Karad,Other,Vegetables
Maharashtra,Satara,Karad,Other,Vegetables
Maharashtra,Satara,Karad,Other,Vegetables
Maharashtra,Satara,Karad,Other,Vegetables
Maharashtra,Satara,Karad,Other,Vegetables
Maharashtra,Satara,Karad,Other,Vegetables
Maharashtra,Satara,Karad,Other,Vegetables
Maharashtra,Satara,Karad,Other,Vegetables
Maharashtra,Satara,Karad,Other,Vegetables
Maharashtra,Satara,Karad,Other,Vegetables
Maharashtra,Satara,Karad,Other,Vegetables
Maharashtra,Satara,Karad,Other,Vegetables
Maharashtra,Satara,Karad,Other,Vegetables
Maharashtra,Satara,Karad,Other,Vegetables
Maharashtra,Satara,Karad,Other,Vegetables
Maharashtra,Satara,Karad,Other,Vegetables
Maharashtra,Satara,Karad,Other,Vegetables
Maharashtra,Satara,Karad,Other,Vegetables
Maharashtra,Satara,Karad,Other,Vegetables
Maharashtra,Satara,Karad,Other,Vegetables
Maharashtra,Satara,Karad,Other,Vegetables
Maharashtra,Satara,Karad,Other,Vegetables
Maharashtra,Satara,Karad,Other,Vegetables
Maharashtra,Satara,Lonand,Other,Vegetables
Maharashtra,Satara,Lonand,Other,Vegetables
Maharashtra,Satara,Lonand,Other,Vegetables
Maharashtra,Satara,Lonand,Other,Vegetables
Maharashtra,Satara,Lonand,Other,Vegetables
Maharashtra,Satara,Lonand,Other,Vegetables
Maharashtra,Satara,Lonand,Other,Vegetables
Maharashtra,Satara,Lonand,Other,Vegetables
Maharashtra,Satara,Lonand,Other,Vegetables
Maharashtra,Satara,Lonand,Other,Vegetables
Maharashtra,Satara,Lonand,Other,Vegetables
Maharashtra,Satara,Lonand,Other,Vegetables
Maharashtra,Satara,Phaltan,Hybrid,Vegetables
Maharashtra,Satara,Phaltan,Hybrid,Vegetables
Maharashtra,Satara,Phaltan,Hybrid,Vegetables
Maharashtra,Satara,Satara,Other,Vegetables
Maharashtra,Satara,Satara,Other,Vegetables
Maharashtra,Satara,Satara,Other,Vegetables
Maharashtra,Satara,Satara,Other,Vegetables
Maharashtra,Satara,Satara,Other,Vegetables
Maharashtra,Satara,Satara,Other,Vegetables
Maharashtra,Satara,Satara,Other,Vegetables
Maharashtra,Satara,Satara,Other,Vegetables
Maharashtra,Satara,Satara,Other,Vegetables
Maharashtra,Satara,Satara,Other,Vegetables
Maharashtra,Satara,Satara,Other,Vegetables
Maharashtra,Satara,Satara,Other,Vegetables
Maharashtra,Satara,Satara,Other,Vegetables
Maharashtra,Satara,Satara,Other,Vegetables
Maharashtra,Satara,Satara,Other,Vegetables
Maharashtra,Satara,Satara,Other,Vegetables
Maharashtra,Satara,Satara,Other,Vegetables
Maharashtra,Satara,Satara,Other,Vegetables
Maharashtra,Satara,Satara,Other,Vegetables
Maharashtra,Satara,Satara,Other,Vegetables
Maharashtra,Satara,Satara,Other,Vegetables
Maharashtra,Satara,Satara,Other,Vegetables
Maharashtra,Satara,Satara,Other,Vegetables
Maharashtra,Satara,Satara,Other,Vegetables
Maharashtra,Satara,Satara,Other,Vegetables
Maharashtra,Satara,Satara,Other,Vegetables
Maharashtra,Satara,Satara,Other,Vegetables
Maharashtra,Satara,Satara,Other,Vegetables
Maharashtra,Satara,Satara,Other,Vegetables
Maharashtra,Satara,Satara,Other,Vegetables
Maharashtra,Satara,Satara,Other,Vegetables
Maharashtra,Satara,Satara,Other,Vegetables
Maharashtra,Satara,Satara,Other,Vegetables
Maharashtra,Satara,Satara,Other,Vegetables
Maharashtra,Satara,Satara,Other,Vegetables
Maharashtra,Satara,Satara,Other,Vegetables
Maharashtra,Satara,Satara,Other,Vegetables
Maharashtra,Satara,Satara,Other,Vegetables
Maharashtra,Satara,Vai,Local,Vegetables
Maharashtra,Satara,Vai,Local,Vegetables
Maharashtra,Satara,Vai,Local,Vegetables
Maharashtra,Satara,Vai,Local,Vegetables
Maharashtra,Satara,Vai,Local,Vegetables
Maharashtra,Satara,Vai,Local,Vegetables
Maharashtra,Satara,Vai,Local,Vegetables
Maharashtra,Satara,Vai,Local,Vegetables
Maharashtra,Satara,Vai,Local,Vegetables
Maharashtra,Satara,Vai,Local,Vegetables
Maharashtra,Satara,Vai,Local,Vegetables
Maharashtra,Satara,Vai,Local,Vegetables
Maharashtra,Satara,Vai,Local,Vegetables
Maharashtra,Satara,Vai,Local,Vegetables
Maharashtra,Satara,Vai,Local,Vegetables
Maharashtra,Satara,Vai,Local,Vegetables
Maharashtra,Satara,Vai,Local,Vegetables
Maharashtra,Satara,Vai,Local,Vegetables
Maharashtra,Satara,Vai,Local,Vegetables
Maharashtra,Satara,Vai,Local,Vegetables
Maharashtra,Satara,Vai,Local,Vegetables
Maharashtra,Satara,Vai,Local,Vegetables
Maharashtra,Satara,Vai,Local,Vegetables
Maharashtra,Satara,Vai,Local,Vegetables
Maharashtra,Satara,Vai,Local,Vegetables
Maharashtra,Satara,Vai,Local,Vegetables
Maharashtra,Satara,Vai,Local,Vegetables
Maharashtra,Satara,Vai,Local,Vegetables
Maharashtra,Sholapur,Akluj,Red,Vegetables
Maharashtra,Sholapur,Akluj,Red,Vegetables
Maharashtra,Sholapur,Akluj,Red,Vegetables
Maharashtra,Sholapur,Akluj,Red,Vegetables
Maharashtra,Sholapur,Akluj,Red,Vegetables
Maharashtra,Sholapur,Akluj,Red,Vegetables
Maharashtra,Sholapur,Akluj,Red,Vegetables
Maharashtra,Sholapur,Kurdwadi,Other,Vegetables
Maharashtra,Sholapur,Kurdwadi,Other,Vegetables
Maharashtra,Sholapur,Kurdwadi,Other,Vegetables
Maharashtra,Sholapur,Kurdwadi(Modnimb),Red,Vegetables
Maharashtra,Sholapur,Kurdwadi(Modnimb),Red,Vegetables
Maharashtra,Sholapur,Kurdwadi(Modnimb),Red,Vegetables
Maharashtra,Sholapur,Kurdwadi(Modnimb),Red,Vegetables
Maharashtra,Sholapur,Kurdwadi(Modnimb),Red,Vegetables
Maharashtra,Sholapur,Kurdwadi(Modnimb),Red,Vegetables
Maharashtra,Sholapur,Mangal Wedha,Other,Vegetables
Maharashtra,Sholapur,Mangal Wedha,Other,Vegetables
Maharashtra,Sholapur,Mangal Wedha,Other,Vegetables
Maharashtra,Sholapur,Mangal Wedha,Other,Vegetables
Maharashtra,Sholapur,Mangal Wedha,Other,Vegetables
Maharashtra,Sholapur,Mangal Wedha,Other,Vegetables
Maharashtra,Sholapur,Mangal Wedha,Other,Vegetables
Maharashtra,Sholapur,Mangal Wedha,Other,Vegetables
Maharashtra,Sholapur,Mangal Wedha,Other,Vegetables
Maharashtra,Sholapur,Mangal Wedha,Other,Vegetables
Maharashtra,Sholapur,Mangal Wedha,Other,Vegetables
Maharashtra,Sholapur,Mangal Wedha,Other,Vegetables
Maharashtra,Sholapur,Mangal Wedha,Other,Vegetables
Maharashtra,Sholapur,Mangal Wedha,Other,Vegetables
Maharashtra,Sholapur,Mangal Wedha,Other,Vegetables
Maharashtra,Sholapur,Mangal Wedha,Other,Vegetables
Maharashtra,Sholapur,Mangal Wedha,Other,Vegetables
Maharashtra,Sholapur,Mangal Wedha,Other,Vegetables
Maharashtra,Sholapur,Pandharpur,Red,Vegetables
Maharashtra,Sholapur,Pandharpur,Red,Vegetables
Maharashtra,Sholapur,Pandharpur,Red,Vegetables
Maharashtra,Sholapur,Pandharpur,Red,Vegetables
Maharashtra,Sholapur,Pandharpur,Red,Vegetables
Maharashtra,Sholapur,Pandharpur,Red,Vegetables
Maharashtra,Sholapur,Pandharpur,Red,Vegetables
Maharashtra,Sholapur,Pandharpur,Red,Vegetables
Maharashtra,Sholapur,Pandharpur,Red,Vegetables
Maharashtra,Sholapur,Pandharpur,Red,Vegetables
Maharashtra,Sholapur,Pandharpur,Red,Vegetables
Maharashtra,Sholapur,Pandharpur,Red,Vegetables
Maharashtra,Sholapur,Pandharpur,Red,Vegetables
Maharashtra,Sholapur,Pandharpur,Red,Vegetables
Maharashtra,Sholapur,Pandharpur,Red,Vegetables
Maharashtra,Sholapur,Pandharpur,Red,Vegetables
Maharashtra,Sholapur,Pandharpur,Red,Vegetables
Maharashtra,Sholapur,Solapur,Red,Vegetables
Maharashtra,Sholapur,Solapur,Red,Vegetables
Maharashtra,Sholapur,Solapur,Red,Vegetables
Maharashtra,Sholapur,Solapur,Red,Vegetables
Maharashtra,Sholapur,Solapur,Red,Vegetables
Maharashtra,Sholapur,Solapur,Red,Vegetables
Maharashtra,Sholapur,Solapur,Red,Vegetables
Maharashtra,Sholapur,Solapur,Red,Vegetables
Maharashtra,Sholapur,Solapur,Red,Vegetables
Maharashtra,Sholapur,Solapur,Red,Vegetables
Maharashtra,Sholapur,Solapur,Red,Vegetables
Maharashtra,Sholapur,Solapur,Red,Vegetables
Maharashtra,Sholapur,Solapur,Red,Vegetables
Maharashtra,Sholapur,Solapur,Red,Vegetables
Maharashtra,Sholapur,Solapur,Red,Vegetables
Maharashtra,Sholapur,Solapur,Red,Vegetables
Maharashtra,Sholapur,Solapur,Red,Vegetables
Maharashtra,Sholapur,Solapur,Red,Vegetables
Maharashtra,Sholapur,Solapur,Red,Vegetables
Maharashtra,Sholapur,Solapur,Red,Vegetables
Maharashtra,Sholapur,Solapur,Red,Vegetables
Maharashtra,Sholapur,Solapur,Red,Vegetables
Maharashtra,Sholapur,Solapur,Red,Vegetables
Maharashtra,Sholapur,Solapur,Red,Vegetables
Maharashtra,Sholapur,Solapur,Red,Vegetables
Maharashtra,Sholapur,Solapur,Red,Vegetables
Maharashtra,Sholapur,Solapur,Red,Vegetables
Maharashtra,Sholapur,Solapur,Red,Vegetables
Maharashtra,Sholapur,Solapur,Red,Vegetables
Maharashtra,Sholapur,Solapur,Red,Vegetables
Maharashtra,Sholapur,Solapur,Red,Vegetables
Maharashtra,Sholapur,Solapur,Red,Vegetables
Maharashtra,Sholapur,Solapur,Red,Vegetables
